station,poll
STA-AD0942A,0.261408683
STA-AL0203A,1.511550503
STA-AL0204A,0.618885637
STA-AL0205A,0.663031793
STA-AL0206A,1.165497286
STA-AL0207A,0.82007186
STA.01.0001,0.264921781
STA.02.KA21,0.315033224
STA.03.1401,0.253785151
STA.03.1402,0.252428277
STA.03.2302,0.322635926
STA.04.S173,0.329083154
STA.04.S217,0.212423507
STA.04.S406,0.261508353
STA.04.S416,0.301634251
STA.04.S431,0.331676814
STA.05.1000,0.332876751
STA.05.1066,0.247759857
STA.05.2000,0.326142407
STA.06.142,0.545393381
STA.06.164,0.391722092
STA.06.170,0.379158355
STA.06.172,0.31598525
STA.07.2110,0.320513761
STA.07.2910,0.427416694
STA.08.1919,0.324941956
STA.09.A23,0.262780688
STA.09.MBA,0.315906593
STA.09.TAB,0.301511451
STA.10.ILL1,0.228828507
STA.10.SON1,0.138670748
STA.10.VOR1,0.177350249
STA-BA0029A,0.453570248
STA-BA0031A,0.899859965
STA-BA0037A,0.78329499
STA-BA0041A,0.424611129
STA-BA0045A,0.915806797
STA-BA0047A,0.50009447
STA-BA0048A,0.62641845
STA-BA0052A,0.45959
STA-BETB001,0.246278703
STA-BETB004,0.205025341
STA-BETB006,0.413607143
STA-BETN043,0.440442511
STA-BETN060,0.219799461
STA-BETN063,0.198866643
STA-BETN070,0.222278924
STA-BETN085,0.154155645
STA-BETN132,0.194291569
STA-BETR001,0.288733224
STA-BETR002,0.27781647
STA-BETR020,0.244446473
STA-BETR222,0.234392574
STA-BETR223,0.269803841
STA-BETR501,0.256980485
STA-BETR512,0.246342472
STA-BETR701,0.254487421
STA-BETR750,0.281815739
STA-BETR802,0.294363099
STA-BETWOL1,0.243821019
STA-BG0013A,0.284669341
STA-BG0018A,1.655337679
STA-BG0019A,2.117700316
STA-BG0041A,0.572353614
STA-BG0043A,0.355606079
STA-BG0044A,0.36960664
STA-BG0045A,0.423976295
STA-BG0050A,0.523702658
STA-BG0051A,0.415404868
STA-BG0055A,0.648834455
STA-BG0056A,0.363757632
STA-BG0070A,0.332410781
STA-BG0073A,0.674615769
STA-BG0075A,0.288992747
STA-BG0078A,0.74727363
STA-BG0079A,0.629314108
STA-BG0080A,0.584498748
STA-BG0083A,0.224604121
STA-CH0002R,0.196281089
STA-CH0005A,0.248047778
STA-CH0005R,0.167375172
STA-CH0010A,0.272145085
STA-CH0011A,0.304086139
STA-CH0013A,0.309447697
STA-CH0028A,0.307994178
STA-CH0031A,0.368819107
STA-CH0055A,0.215688887
STA-CY0002R,0.140018291
STA-CY0004A,0.460371834
STA-CY0006A,0.293245445
STA.CZ_ALEG,0.462220122
STA.CZ_ALIB,0.343626689
STA.CZ_BBNV,0.362448615
STA.CZ_CTAB,0.30893564
STA.CZ_HHKB,0.315713421
STA.CZ_JJIH,0.302058125
STA.CZ_JKOS,0.264704493
STA.CZ_PPLA,0.335387757
STA.CZ_SBER,0.435915855
STA.CZ_TOCB,0.618096262
STA.CZ_TSTD,0.299142072
STA.CZ_UULD,0.42380231
STA.CZ_ZUHR,0.343100127
STA.DE_DEBB032,0.273175396
STA.DE_DEBB045,0.388148018
STA.DE_DEBB054,0.359539421
STA.DE_DEBB086,0.271337335
STA.DE_DEBB099,0.304285714
STA.DE_DEBE061,0.370837523
STA.DE_DEBE065,0.357349384
STA.DE_DEBW080,0.325060318
STA.DE_DEBW098,0.313032736
STA.DE_DEBW099,0.303477967
STA.DE_DEBW122,0.316825294
STA.DE_DEBW125,0.341130634
STA.DE_DEBW147,0.378791983
STA.DE_DEBW152,0.438914405
STA.DE_DEBW156,0.322524837
STA.DE_DEBY001,0.317591301
STA.DE_DEBY006,0.302156566
STA.DE_DEBY012,0.310467658
STA.DE_DEBY014,0.289417388
STA.DE_DEBY021,0.295495129
STA.DE_DEBY028,0.321268524
STA.DE_DEBY035,0.290500624
STA.DE_DEBY037,0.342813325
STA.DE_DEBY039,0.208997034
STA.DE_DEBY063,0.335434399
STA.DE_DEBY088,0.323122225
STA.DE_DEBY099,0.283057176
STA.DE_DEBY110,0.407943994
STA.DE_DEBY111,0.360594778
STA.DE_DEBY115,0.467815208
STA.DE_DEBY119,0.294575103
STA.DE_DEBY120,0.381037594
STA.DE_DEHB001,0.29546135
STA.DE_DEHB005,0.173301842
STA.DE_DEHB006,0.375509105
STA.DE_DEHB012,0.214130722
STA.DE_DEHE001,0.294823057
STA.DE_DEHE018,0.300267201
STA.DE_DEHE037,0.422368825
STA.DE_DEHE040,0.400334748
STA.DE_DEHE041,0.358787778
STA.DE_DEHE042,0.180784469
STA.DE_DEHE049,0.421099999
STA.DE_DEHE059,0.424568601
STA.DE_DEHE061,0.433903975
STA.DE_DEHE062,0.348717869
STA.DE_DEHE063,0.307088291
STA.DE_DEHE116,0.323264431
STA.DE_DEHE131,0.559613895
STA.DE_DEHE135,0.234404711
STA.DE_DEHH033,0.302788973
STA.DE_DEHH068,0.472660529
STA.DE_DEHH070,0.459801555
STA.DE_DEMV004,0.193318772
STA.DE_DEMV022,0.295113793
STA.DE_DEMV023,0.255624569
STA.DE_DENI048,0.759752756
STA.DE_DENI067,0.803358822
STA.DE_DENI068,0.785533583
STA.DE_DENI070,0.704768522
STA.DE_DENI071,0.766285538
STA.DE_DENI075,0.789654148
STA.DE_DENI143,0.780548606
STA.DE_DENI157,0.744659024
STA.DE_DERP001,0.284803075
STA.DE_DERP003,0.300027327
STA.DE_DERP007,0.249650608
STA.DE_DERP009,0.301944169
STA.DE_DERP010,0.419119589
STA.DE_DERP011,0.368671644
STA.DE_DERP019,0.271439962
STA.DE_DERP020,0.318534291
STA.DE_DERP021,0.262585536
STA.DE_DERP022,0.267801084
STA.DE_DERP023,0.312275796
STA.DE_DERP024,0.236084327
STA.DE_DERP025,0.240250431
STA.DE_DERP041,0.322004545
STA.DE_DESL003,0.393887835
STA.DE_DESL017,0.345516883
STA.DE_DESL020,0.447067324
STA.DE_DEST011,0.258990215
STA.DE_DEST015,0.239156724
STA.DE_DEST075,0.254315333
STA.DE_DEST092,0.3374423
STA.DE_DEST103,0.336690255
STA.DE_DEST105,0.197496039
STA.DE_DEST108,0.271425231
STA.DE_DETH072,0.367359125
STA.DE_DEUB004,0.152941283
STA.DE_DEUB030,0.170154613
STA.DE_DEUB044,0.102697009
STA-DK0012R,0.21009659
STA-DK0034A,0.327047162
STA-DK0045A,0.191446814
STA-DK0051A,0.243242651
STA-DK0058A,0.223060746
STA-EE0009R,0.171455899
STA-EE0015A,0.211729992
STA-EE0018A,0.212045982
STA-EE0019A,0.19921422
STA-EE0020A,0.227780217
STA-EE0021A,0.268053036
STA-EE0022A,0.209585439
STA_ES1349A,0.229670749
STA_ES1489A,0.206132098
STA_ES1502A,0.210241983
STA_ES1492A,0.200202336
STA_ES1535A,0.267947482
STA_ES1623A,0.109819413
STA_ES1635A,0.159033197
STA_ES1968A,0.135628847
STA_ES1624A,0.145553407
STA_ES1849A,0.155714624
STA_ES1677A,0.124979114
STA_ES1913A,0.115277778
STA_ES2008A,0.127166065
STA_ES1393A,0.304314626
STA_ES2067A,0.389678809
STA_ES1835A,0.307418708
STA_ES1549A,0.359584488
STA_ES1601A,0.150454829
STA_ES1819A,0.204952359
STA_ES1820A,0.244721893
STA_ES1610A,0.450071105
STA_ES1438A,0.436772395
STA_ES1480A,0.422707728
STA_ES1856A,0.283388058
STA_ES1992A,0.304080285
STA_ES1851A,0.27518294
STA_ES1910A,0.229040039
STA_ES1135A,0.2
STA_ES1125A,0.290659341
STA_ES1816A,0.284389929
STA_ES0584A,0.326069664
STA_ES1778A,0.123263906
STA_ES1983A,0.265926366
STA_ES1684A,0.26374424
STA_ES1018A,0.383722031
STA_ES1903A,0.238134703
STA_ES1339A,0.237511871
STA_ES1160A,0.194027969
STA_ES1615A,0.20616301
STA_ES1997A,0.21146142
STA_ES1616A,0.217227436
STA_ES1664A,0.607529114
STA_ES1076A,0.268428656
STA_ES1479A,0.41796425
STA_ES1620A,0.719287427
STA_ES1781A,0.359850236
STA_ES1822A,0.316026811
STA_ES0556A,0.768358541
STA_ES0893A,0.418667568
STA_ES1074A,0.438888127
STA_ES1685A,0.126699279
STA_ES1877A,0.128294375
STA_ES1687A,0.114533072
STA_ES1688A,0.128653893
STA_ES1834A,0.139997569
STA_ES1689A,0.109482447
STA_ES1690A,0.116396396
STA_ES1969A,0.135437882
STA_ES1691A,0.109640854
STA_ES1799A,0.417211996
STA_ES2047A,0.672
STA_ES1971A,0.464206402
STA_ES1138A,0.218822099
STA_ES1957A,0.174928921
STA_ES1867A,0.155887786
STA_ES1557A,0.112204951
STA_ES0201A,0.317380647
STA_ES0094A,0.299699753
STA_ES1868A,0.171185065
STA_ES1901A,0.328008763
STA_ES1999A,0.323940934
STA_ES1973A,0.147464211
STA_ES1560A,0.506874825
STA_ES1370A,0.331119873
STA_ES1537A,0.315361918
STA_ES1499A,0.196415924
STA_ES1442A,0.249583478
STA_ES1494A,0.31201268
STA_ES1256A,0.773453625
STA_ES1328A,1.06299999
STA_ES1340A,0.484273612
STA_ES1658A,0.424648783
STA_ES1792A,0.708663088
STA_ES1253A,0.111826751
STA_ES1656A,0.29163632
STA_ES1824A,0.242335914
STA_ES1718A,0.498372009
STA_ES1161A,0.331752412
STA_ES1225A,0.238679805
STA_ES1982A,0.120771076
STA_ES1649A,0.419419956
STA_ES1779A,0.327796318
STA_ES1746A,0.277960176
STA_ES1602A,0.33361467
STA_ES1753A,0.332790725
STA_ES1905A,0.112916138
STA_ES1563A,0.47141213
STA_ES1802A,0.356228008
STA_ES1613A,0.406151183
STA_ES0115A,0.408822854
STA_ES0118A,0.375146098
STA_ES0124A,0.2
STA_ES0126A,0.6
STA_ES1193A,0.2
STA_ES1422A,0.477397179
STA_ES1426A,0.2
STA_ES1521A,0.3
STA_ES1943A,0.376265932
STA_ES1944A,0.2
STA_ES1568A,0.552347987
STA_ES1806A,0.251166589
STA_ES1810A,0.499431423
STA_ES1751A,0.159576295
STA_ES1750A,0.566
STA_ES1897A,0.442
STA_ES2030A,0.543
STA_ES1921A,0.306409781
STA_ES1633A,0.334843333
STA_ES1749A,0.379323221
STA_ES1662A,0.401502347
STA_ES2068A,0.476727358
STA_ES1472A,0.197368097
STA_ES1740A,0.423547437
STA_ES1661A,0.342265588
STA_ES2085A,0.101749332
STA_ES2014A,0.241585522
STA_ES1096A,0.167423693
STA_ES0880A,0.357749069
STA_ES1320A,0.470242794
STA_ES1424A,0.613139708
STA_ES2054A,0.500548436
STA_ES1432A,0.249438763
STA_ES1270A,0.506947574
STA_ES1271A,0.426414118
STA_ES1272A,0.292365068
STA_ES1358A,0.357452559
STA_ES2069A,0.351121614
STA_ES0825A,0.61713059
STA_ES1353A,0.415467975
STA_ES1268A,0.625239789
STA_ES1269A,0.366037931
STA_ES1572A,0.519497511
STA_ES2075A,0.479468454
STA_ES1433A,0.216474274
STA_ES2051A,0.62925101
STA_ES1922A,0.322139215
STA_ES1573A,0.253553501
STA_ES2084A,0.104343589
STA_ES2061A,0.208424214
STA_ES1137A,0.256120499
STA_ES2063A,0.143575285
STA_ES1618A,0.7
STA_ES2000A,0.417638691
STA_ES1576A,0.458356888
STA_ES1577A,0.376077661
STA_ES1529A,0.241244118
STA_ES1580A,0.406019786
STA_ES1038A,0.323645462
STA_ES1037A,0.421729972
STA_ES1967A,0.5
STA_ES1640A,0.39442113
STA_ES1653A,0.511899176
STA_ES0890A,0.37531895
STA_ES0817A,0.209870342
STA_ES1450A,0.330760025
STA_ES1425A,0.426469819
STA_ES1638A,0.460388842
STA_ES1644A,0.348
STA_ES1812A,0.245622659
STA_ES1930A,0.24702381
STA_ES1208A,0.230595238
STA_ES1666A,0.242896679
STA_ES1854A,0.217500294
STA_ES1911A,0.10185648
STA_ES1617A,0.133592139
STA_ES2018A,0.121919386
STA_ES1709A,0.121867749
STA_ES1886A,0.125763359
STA_ES1182A,0.151562319
STA_ES1711A,0.102691415
STA_ES1826A,0.109717159
STA_ES1185A,0.133965537
STA_ES1884A,0.124415281
STA_ES1917A,0.110483175
STA_ES1239A,0.14633778
STA_ES1912A,0.147557776
STA_ES1926A,0.149360756
STA_ES2019A,0.124380403
STA_ES1631A,0.425738141
STA_ES1712A,0.246320147
STA_ES1244A,0.269709201
STA_ES0110A,0.294080306
STA_ES1927A,0.479873689
STA_ES1418A,0.378040929
STA_ES1044A,0.235074401
STA_ES1047A,0.199153025
STA_ES1090A,0.189361197
STA_ES1641A,0.173937507
STA_ES1836A,0.210839416
STA_ES1837A,0.211480783
STA_ES2064A,0.209519499
STA-FI00356,0.141635656
STA-FR01064,0.302076216
STA-FR02043,0.27978654
STA-FR04012,0.485514494
STA-FR04018,0.207625925
STA-FR04058,0.411073552
STA-FR04143,0.298570538
STA-FR05089,0.323901395
STA-FR09404,0.139995037
STA-FR10034,0.273311581
STA-FR11034,0.192301995
STA-FR12045,0.189655491
STA-FR16034,0.293270504
STA-FR16069,0.259833448
STA-FR20069,0.313431535
STA-FR23140,0.262210763
STA-FR25053,0.277056648
STA-FR30019,0.195250293
STA-FR30026,0.264331996
STA-FR30036,0.268403658
STA-FR34028,0.216401476
STA-FR41059,0.526101085
Station_GB0580A,1.2632475
Station_GB0567A,1.141963249
Station_GB0584A,1.103828434
Station_GB0620A,1.0446265
Station_GB0682A,1.119246806
Station_GB0906A,0.781130096
GIB_Station_GB0050A,0.386720554
STA-GR0002A,0.535130111
STA-GR0008A,0.460053825
STA-GR0018A,0.7614205
STA-GR0020A,0.564993647
STA-GR0022A,0.4667684
STA-GR0029A,0.624078584
STA-GR0030A,0.75365925
STA-GR0031A,0.554877628
STA-GR0032A,1.213565561
STA-GR0046A,0.1
STA-GR0048A,0.566043792
HR_DOC_TYPE_D_STA_RH0101,0.594476772
HR_DOC_TYPE_D_STA_RH0108,0.159559719
HR_DOC_TYPE_D_STA_RH0104,0.329181192
HR_DOC_TYPE_D_STA_RH0106,0.462434593
STA-HU0022A,0.534299476
STA-HU0023A,0.454429839
STA-HU0024A,0.594890795
STA-HU0025A,0.498790475
STA-HU0026A,0.577551688
STA-HU0027A,0.611860578
STA-HU0028A,0.464513367
STA-HU0030A,0.633525586
STA-HU0031A,0.440162757
STA-HU0032A,0.33693697
STA-HU0033A,0.643304972
STA-HU0034A,0.425493178
STA-HU0035A,0.301561872
STA-HU0036A,0.314484932
STA-HU0037A,0.508795843
STA-HU0038A,0.610349492
STA-HU0039A,0.367116298
STA-HU0041A,0.653603372
STA-HU0042A,0.499817959
STA-HU0045A,0.792119583
STA-HU0057A,0.407415486
STA.IE.IE001BP,0.34140755
STA.IE.IE001CM,0.193182369
STA.IE.IE002CM,0.46851606
STA.IE.IE0098A,0.227302971
STA.IE.IE0105A,0.3
STA.IT0063A,0.198002696
STA.IT0187A,0.816928299
STA.IT0459A,0.549202845
STA.IT0460A,0.524445571
STA.IT0469A,0.659039301
STA.IT0470A,0.852464663
STA.IT0477A,0.977265358
STA.IT0480A,0.895865148
STA.IT0592A,0.89494495
STA.IT0706A,0.681078764
STA.IT0707A,0.700792871
STA.IT0721A,0.811625403
STA.IT0740A,0.669232154
STA.IT0755A,0.756490315
STA.IT0761A,0.909234565
STA.IT0771A,0.76982029
STA.IT0776A,0.737245217
STA.IT0777A,0.756424136
STA.IT0778A,0.742038237
STA.IT0813A,0.277028446
STA.IT0832A,0.40077304
STA.IT0839A,0.715386613
STA.IT0846A,0.79040157
STA.IT0852A,0.671348633
STA.IT0854A,0.585590257
STA.IT0861A,0.777079058
STA.IT0863A,0.408242351
STA.IT0867A,0.377136554
STA.IT0871A,0.398315968
STA.IT0885A,0.286605269
STA.IT0888A,0.38088076
STA.IT0895A,0.795757864
STA.IT0898A,0.863266567
STA.IT0906A,0.787323418
STA.IT0908A,0.704195881
STA.IT0945A,0.434741045
STA.IT0953A,0.375669301
STA.IT0983A,0.836580455
STA.IT0991A,0.530142757
STA.IT0997A,0.707822477
STA.IT1011A,0.677720422
STA.IT1016A,0.933923079
STA.IT1026A,0.75413768
STA.IT1029A,0.740664079
STA.IT1044A,0.816518091
STA.IT1090A,0.494503862
STA.IT1104A,0.901714807
STA.IT1105A,0.861707989
STA.IT1145A,0.709235481
STA.IT1153A,0.671146851
STA.IT1159A,0.846662609
STA.IT1180A,0.545409813
STA.IT1190A,0.767623312
STA.IT1192A,0.979843676
STA.IT1193A,0.304861074
STA.IT1200A,0.614042326
STA.IT1215A,0.460734694
STA.IT1243A,0.340490993
STA.IT1251A,0.873898081
STA.IT1264A,0.470110731
STA.IT1269A,0.255213934
STA.IT1273A,0.153804635
STA.IT1286A,0.765804013
STA.IT1290A,0.846916264
STA.IT1309A,0.248519478
STA.IT1334A,0.367085044
STA.IT1336A,0.315919667
STA.IT1361A,0.739737428
STA.IT1377A,0.260069362
STA.IT1397A,0.309732126
STA.IT1409A,0.452273554
STA.IT1420A,0.333071918
STA.IT1423A,0.254825342
STA.IT1427A,0.225463456
STA.IT1428A,0.333895115
STA.IT1456A,0.36728216
STA.IT1459A,0.797069932
STA.IT1475A,0.325110731
STA.IT1487A,0.68070631
STA.IT1491A,0.921760272
STA.IT1493A,0.631801866
STA.IT1497A,0.52943809
STA.IT1504A,0.543351749
STA.IT1549A,0.229467928
STA.IT1552A,0.479804406
STA.IT1560A,0.4395816
STA.IT1576A,0.168952061
STA.IT1578A,0.529377838
STA.IT1583A,0.252280767
STA.IT1585A,0.287366426
STA.IT1588A,0.729102093
STA.IT1598A,0.34343887
STA.IT1606A,0.320812508
STA.IT1611A,0.47234852
STA.IT1618A,0.522214524
STA.IT1621A,0.41761176
STA.IT1658A,0.290018402
STA.IT1660A,0.498141038
STA.IT1674A,0.374796565
STA.IT1676A,0.506574234
STA.IT1698A,0.96396217
STA.IT1704A,0.242323244
STA.IT1718A,0.821835605
STA.IT1735A,0.700650212
STA.IT1740A,0.442700801
STA.IT1741A,0.254484523
STA.IT1742A,0.376160512
STA.IT1744A,0.197589769
STA.IT1745A,0.521342539
STA.IT1746A,0.766733218
STA.IT1753A,0.574825604
STA.IT1766A,0.336021975
STA.IT1773A,0.35778361
STA.IT1792A,0.839251378
STA.IT1795A,0.416019941
STA.IT1799A,0.155491732
STA.IT1800A,1.160863712
STA.IT1802A,0.226521635
STA.IT1804A,1.543805024
STA.IT1817A,0.473463694
STA.IT1827A,0.470236067
STA.IT1829A,0.411537755
STA.IT1837A,0.70011636
STA.IT1838A,0.436793229
STA.IT1847A,0.392726836
STA.IT1848A,0.261086397
STA.IT1850A,0.811036269
STA.IT1857A,1.243461184
STA.IT1859A,0.573733777
STA.IT1860A,0.537006859
STA.IT1862A,0.442972614
STA.IT1869A,0.819276102
STA.IT1871A,0.463929619
STA.IT1880A,0.383980517
STA.IT1886A,0.433300627
STA.IT1887A,0.728821674
STA.IT1888A,0.343655584
STA.IT1889A,0.215484859
STA.IT1890A,0.101766615
STA.IT1895A,0.380761553
STA.IT1897A,0.5395
STA.IT1898A,0.20630274
STA.IT1900A,0.353522051
STA.IT1901A,0.314871611
STA.IT1905A,0.415665349
STA.IT1920A,0.81029661
STA.IT1923A,0.79687368
STA.IT1932A,0.345375141
STA.IT1938A,0.635814291
STA.IT1940A,0.534610639
STA.IT1953A,0.386270784
STA.IT1977A,0.367736301
STA.IT1993A,0.282091323
STA.IT1997A,0.252500728
STA.IT2004A,0.501602434
STA.IT2005A,0.289175355
STA.IT2008A,0.338795298
STA.IT2009A,0.228342559
STA.IT2010A,0.196551397
STA.IT2011A,0.137244357
STA.IT2013A,0.422204195
STA.IT2019A,0.493558472
STA.IT2028A,0.42942932
STA.IT2031A,0.565520078
STA.IT2038A,0.287677227
STA.IT2039A,1.065335679
STA.IT2044A,0.368781471
STA.IT2055A,0.194274302
STA.IT2056A,0.312916316
STA.IT2059A,0.220745764
STA.IT2061A,0.475290323
STA.IT2071A,0.38704215
STA.IT2072A,0.372187581
STA.IT2078A,0.529812986
STA.IT2087A,0.7576865
STA.IT2089A,0.488153846
STA.IT2093A,0.885005943
STA.IT2094A,0.152987457
STA.IT2110A,0.465696352
STA.IT2116A,0.436033914
STA.IT2118A,0.367378985
STA.IT2121A,0.434751204
STA.IT2134A,0.504078981
STA.IT2139A,0.29894261
STA.IT2144A,0.490016884
STA.IT2145A,0.491643289
STA.IT2146A,0.988153515
STA.IT2148A,0.402516723
STA.IT2152A,0.685295727
STA.IT2156A,0.858948726
STA.IT2161A,0.444791096
STA.IT2165A,0.341441781
STA.IT2169A,0.5464102
STA.IT2170A,0.269393365
STA.IT2171A,0.373070684
STA.IT2174A,0.343684147
STA.IT2177A,0.555869278
STA.IT2184A,0.432528666
STA.IT2202A,0.434459282
STA.IT2203A,0.217140349
STA.IT2204A,0.350547226
STA.IT2205A,0.350454869
STA.IT2210A,0.912268423
STA.IT2211A,0.558485869
STA.IT2213A,0.695263418
STA.IT2214A,0.715191005
STA.IT2218A,0.401909212
STA.IT2219A,0.850596383
STA.IT2221A,0.876177546
STA.IT2222A,0.518973486
STA.IT2223A,0.826602904
STA.IT2224A,0.557648099
STA.IT2226A,0.658377198
STA.IT2227A,0.743906488
STA.IT2229A,0.281721798
STA.IT2231A,0.347624633
STA.IT2245A,0.364712389
STA.IT2250A,0.464465786
STA.IT2261A,0.486915406
STA.IT2269A,0.481268965
STA.IT2271A,0.468460812
STA.IT2273A,0.538436441
STA.IT2274A,0.210556223
STA.IT2277A,0.476110688
STA.IT2278A,0.470957872
STA.IT2289A,0.506483266
STA.IT2290A,0.247819461
STA.IT2291A,0.288375471
STA-LT00001,0.491267876
STA-LT00003,0.57218811
STA-LT00004,0.399894115
STA-LT00012,0.320061513
STA-LT00022,0.350751841
STA-LT00031,0.285074645
STA-LT00033,0.288249042
STA-LT00041,0.33260129
STA-LT00044,0.263051727
STA-LU0101A,0.262611118
STA-LU0102A,0.25238531
STA-LU0109A,0.250370717
STA-LV000L1,0.262047137
STA-ME0002A,0.454281571
STA-ME0008A,0.416309904
STA-ME0009A,0.667842999
STA-MK0030A,0.471307602
STA-MK0031A,1.041704888
STA-MK0034A,0.565293995
STA-MK0035A,0.54763934
STA-MK0036A,0.721467234
STA-MK0037A,0.369172513
STA-MK0038A,0.67656806
STA-MK0040A,0.598069127
STA-MK0041A,0.625670715
STA-MK0043A,0.801294501
STA-MK0044A,0.631415401
STA-MK0045A,0.397824506
STA-MT00005,0.392420678
STA-MT00007,0.165712223
STA-NL00007,0.355971001
STA-NL00012,0.381178772
STA-NL00014,0.301985033
STA-NL00551,0.358757297
STA-NL00553,0.295384467
STA-NL00561,0.276953496
STA-NL00644,0.229135675
STA-NL00741,0.363835063
STA-NL00742,0.270240318
STA_NO0011A,0.296658636
STA_PL0012A,0.826122871
STA_PL0014A,0.271930382
STA_PL0031A,0.241639119
STA_PL0039A,0.559190565
STA_PL0045A,0.338086111
STA_PL0047A,0.369730154
STA_PL0048A,0.374105016
STA_PL0049A,0.373382396
STA_PL0050A,0.346755962
STA_PL0052A,0.390401528
STA_PL0064A,0.446734822
STA_PL0072A,0.354821396
STA_PL0077A,0.299477295
STA_PL0096A,0.403091245
STA_PL0115A,0.496604884
STA_PL0126A,0.521879942
STA_PL0136A,0.369821417
STA_PL0138A,0.424504584
STA_PL0140A,0.593068879
STA_PL0148A,0.388924332
STA_PL0171A,0.46537972
STA_PL0175A,0.33931631
STA_PL0184A,0.392254041
STA_PL0190A,0.455226822
STA_PL0192A,0.395595345
STA_PL0194A,0.395189656
STA_PL0197A,0.651686354
STA_PL0198A,0.37039778
STA_PL0205A,0.519821569
STA_PL0209A,0.327604214
STA_PL0212A,0.418250356
STA_PL0213A,0.320783368
STA_PL0218A,0.34936645
STA_PL0236A,0.427243814
STA_PL0237A,0.479347805
STA_PL0239A,0.50254808
STA_PL0241A,0.497118273
STA_PL0242A,0.481717795
STA_PL0244A,0.499298916
STA_PL0245A,0.451526747
STA_PL0249A,0.356001166
STA_PL0252A,0.503028745
STA_PL0276A,0.265023267
STA_PL0295A,0.322758956
STA_PL0312A,0.350856972
STA_PL0398A,0.374543448
STA_PL0468A,0.40863438
STA_PL0495A,0.364891212
STA_PL0503A,0.368339528
STA_PL0507A,0.356407981
STA_PL0509A,0.536378761
STA_PL0526A,0.499775671
STA_PL0539A,0.424647847
STA_PL0543A,0.490944732
STA_PL0544A,0.547271366
STA_PL0552A,0.330020596
STA_PL0558A,0.53019971
STA_PL0559A,0.564738322
STA_PL0560A,0.530906477
STA_PL0561A,0.378714012
STA_PL0567A,0.48891825
STA_PL0575A,0.44578888
STA_PL0580A,0.595912797
STA_PL0585A,0.373864008
STA_PL0591A,0.35130732
STA_PL0635A,0.541132186
STA_PL0647A,0.642224058
STA_PL0673A,0.404291207
STA_PL0675A,0.420767019
STA_PL0682A,0.361558709
STA_PL0684A,0.456780925
STA_PL0686A,0.342170914
STA_PL0687A,0.449543231
STA_PL0688A,0.341105176
STA_PL0697A,0.425887174
STA_PL0700A,0.342573549
STA_PL0705A,0.504760635
STA-PT01028,0.293116295
STA-PT01030,0.497849091
STA-PT02017,0.202908533
STA-PT03071,0.280077241
STA-PT03072,0.282021968
STA-PT03075,0.284384588
STA-PT03082,0.417226866
STA-PT03083,0.281106859
STA-PT03093,0.206504155
STA-PT03094,0.230589923
STA-PT03097,0.729
STA-PT03100,0.367713536
STA-PT04002,0.14877029
STA-PT05011,0.219214629
STA-PT06004,0.211723797
STA-RO0008R,0.100924035
STA-RO0009R,0.054464555
STA-RO0065A,0.625578249
STA-RO0066A,0.60022972
STA-RO0067A,0.61518088
STA-RO0069A,0.718488183
STA-RO0070A,0.69714303
STA-RO0073A,0.24566382
STA-RO0075A,0.181065954
STA-RO0077A,0.308355675
STA-RO0078A,0.424011781
STA-RO0079A,0.21059008
STA-RO0082A,0.175396514
STA-RO0083A,0.244025434
STA-RO0086A,0.054632344
STA-RO0087A,0.126561184
STA-RO0092A,0.188481714
STA-RO0093A,0.39764277
STA-RO0094A,0.183502338
STA-RO0095A,0.142996277
STA-RO0096A,0.164212776
STA-RO0097A,0.377867829
STA-RO0098A,0.397462509
STA-RO0099A,0.299046685
STA-RO0100A,0.219008708
STA-RO0101A,0.199432442
STA-RO0102A,0.445530564
STA-RO0103A,0.606907625
STA-RO0104A,0.179131056
STA-RO0105A,0.088020985
STA-RO0106A,0.214361727
STA-RO0107A,0.186220078
STA-RO0108A,0.912195003
STA-RO0109A,0.215146458
STA-RO0110A,0.58148711
STA-RO0111A,0.703067977
STA-RO0112A,0.172270408
STA-RO0113A,0.140478282
STA-RO0114A,0.090232951
STA-RO0115A,0.100027401
STA-RO0116A,0.085602395
STA-RO0117A,0.070899786
STA-RO0118A,0.172191748
STA-RO0119A,0.255971657
STA-RO0120A,0.186917895
STA-RO0121A,0.156026253
STA-RO0122A,0.187861688
STA-RO0123A,0.295362986
STA-RO0124A,0.726154685
STA-RO0125A,0.394641642
STA-RO0126A,0.534342105
STA-RO0127A,0.383275634
STA-RO0128A,0.205834708
STA-RO0130A,0.685913161
STA-RO0131A,0.204015485
STA-RO0132A,0.129937689
STA-RO0133A,0.08352439
STA-RO0134A,0.191977039
STA-RO0135A,0.078260324
STA-RO0136A,0.109892724
STA-RO0137A,0.086507008
STA-RO0138A,0.134207951
STA-RO0139A,0.124672427
STA-RO0140A,0.248222749
STA-RO0141A,0.089605688
STA-RO0142A,0.101133574
STA-RO0143A,0.147938639
STA-RO0144A,0.082706009
STA-RO0145A,0.138482249
STA-RO0150A,0.357218566
STA-RO0151A,0.33842067
STA-RO0152A,0.677991245
STA-RO0153A,0.237885074
STA-RO0154A,0.217484427
STA-RO0155A,0.15027491
STA-RO0157A,0.176924374
STA-RO0158A,0.503104575
STA-RO0159A,0.115363792
STA-RO0160A,0.170224482
STA-RO0161A,0.311610457
STA-RO0162A,0.265545645
STA-RO0163A,0.416065387
STA-RO0164A,0.236405063
STA-RO0165A,0.259754749
STA-RO0166A,0.357749271
STA-RO0167A,0.314924119
STA-RO0168A,0.300265666
STA-RO0169A,0.830538711
STA-RO0170A,0.752587183
STA-RO0171A,0.194356876
STA-RO0172A,0.654813286
STA-RO0174A,0.166668283
STA-RO0175A,0.171508574
STA-RO0176A,0.222299677
STA-RO0177A,0.132103312
STA-RO0178A,0.154080878
STA-RO0179A,0.209258728
STA-RO0180A,0.203927373
STA-RO0181A,0.191274852
STA-RO0182A,0.322073941
STA-RO0183A,0.724024078
STA-RO0184A,0.371913054
STA-RO0185A,0.151421411
STA-RO0186A,0.315613971
STA-RO0187A,0.191308032
STA-RO0188A,0.099891002
STA-RO0189A,0.405560736
STA-RO0190A,0.809532966
STA-RO0191A,0.567702176
STA-RO0192A,0.5347552
STA-RO0193A,0.376568644
STA-RO0194A,0.204437141
STA-RO0195A,0.127480907
STA-RO0196A,0.294646401
STA-RO0197A,0.113803622
STA-RO0198A,0.385600411
STA-RO0200A,0.189813665
STA-RO0201A,0.102255425
STA-RO0203A,0.262981426
STA-RO0204A,0.297017775
STA-RO0205A,0.461163573
STA-RO0206A,0.168509013
STA-RO0207A,0.608141202
STA-RO0208A,0.670968457
STA-RO0209A,0.539217501
STA-RO0210A,0.66020701
STA-RO0211A,0.397714355
STA-RO0213A,1.132019476
STA-RO0214A,0.784300851
STA-RO0215A,0.666945245
STA-RO0216A,0.617247081
STA-RO0217A,0.537693978
STA-RS0005R,0.294445539
STA-RS0028A,0.544123736
STA-RS0031A,0.331933734
STA-RS0032A,0.423759588
STA-RS0033A,0.642453427
STA-RS0034A,0.363507393
STA-RS0035A,0.587689201
STA-RS0036A,0.400233467
STA-RS0038A,0.406250584
STA-RS0039A,0.53845245
STA-RS0041A,0.904993602
STA-RS0042A,0.435404894
STA-RS0043A,0.721155522
STA-RS0044A,0.949831686
STA-RS0045A,0.596804572
STA-RS0046A,0.945441661
STA-RS0048A,1.023997703
STA-SE0003A,0.328884763
STA-SE0027A,0.333736708
STA-SE0058A,0.22836801
STA-SE0094A,0.256295734
STA-SE18638,0.294555144
STA-SE18639,0.321513958
STA-SE18640,0.291961872
STA-SE18641,0.354307994
STA-SI0002A,0.436843169
STA-SI0003A,0.339333897
STA-SI0032R,0.165436692
STA-SI0054A,0.440238036
STA-SK0002A,0.451923455
STA-SK0008A,0.458779736
STA-SK0018A,0.372678306
STA-SK0020A,0.352744882
STA-SK0039A,0.402862484
STA-SK0045A,0.634098111
STA-SK0047A,0.264948605
STA-SK0214A,0.407285169
STA-SK0265A,0.551447624
STA-SK0266A,0.51382094
STA-SK0267A,0.646001736
STA-SK0269A,0.465569113
STA-SK0407A,0.349721235
STA-TR010441,0.90159042
STA-TR040241,0.868281496
STA-TR040341,0.862286271
STA-TR050431,0.844427061
STA-TR060141,0.545993103
STA-TR0601721,1.231359513
STA-TR060831,1.043536446
STA-TR100531,1.134205026
STA-TR140441,0.447107167
STA-TR160231,1.283259707
STA-TR170541,0.742716371
STA-TR180141,0.42025116
STA-TR190231,0.624873561
STA-TR240231,1.218334042
STA-TR250241,0.602151993
STA-TR250311,0.390956442
STA-TR250531,1.26503704
STA-TR260441,0.737674917
STA-TR280241,0.657405453
STA-TR310222,0.571392029
STA-TR340141,0.489802374
STA-TR340411,0.420694231
STA-TR340531,0.629719414
STA-TR341031,0.603326573
STA-TR341131,0.919015949
STA-TR341231,0.591568673
STA-TR341431,0.66463721
STA-TR341541,0.541238615
STA-TR341641,0.541369498
STA-TR342041,0.568614428
STA-TR342141,2.500359214
STA-TR350541,0.446742378
STA-TR350741,0.471332129
STA-TR350941,0.629995027
STA-TR360141,0.537415039
STA-TR360231,0.506733792
STA-TR370141,0.574301765
STA-TR380131,0.714353665
STA-TR400141,0.684572131
STA-TR410221,0.669357685
STA-TR410831,0.843669796
STA-TR420341,0.785517366
STA-TR420441,1.074901079
STA-TR430341,0.48649186
STA-TR450241,1.144750171
STA-TR520341,0.447177583
STA-TR540231,0.967943194
STA-TR550521,0.898618481
STA-TR550631,0.749992612
STA-TR570241,0.654468151
STA-TR580231,0.810975162
STA-TR590231,1.06169703
STA-TR590341,0.533854347
STA-TR600331,0.70246442
STA-TR610341,0.824974901
STA-TR610431,0.587157616
STA-TR610541,0.744680741
STA-TR660141,0.499593989
STA-TR670941,0.913566238
STA-TR710141,0.419974524
STA-TR740141,0.698448408
STA-TR780141,0.903599999
STA-TR810141,0.561296815
STA-XK0001A,1.551894484
STA-XK0002A,2.265573413
STA-XK0003A,0.881983839
STA-XK0004A,1.972607477
STA-XK0006A,0.717535961
STA-XK0008A,1.059236157
STA-XK0009A,2.031956918
STA-AD0942A,0.270993377
STA-AL0203A,1.446248958
STA-AL0205A,0.873164253
STA-AL0206A,1.597828576
STA-AL0207A,0.841434013
STA.01.0001,0.25471478
STA.02.KA21,0.289563974
STA.03.1401,0.230368708
STA.03.1402,0.233341239
STA.03.2302,0.304927606
STA.04.S173,0.416416713
STA.04.S217,0.211092754
STA.04.S406,0.260613153
STA.04.S415,0.28812301
STA.04.S416,0.29876373
STA.04.S431,0.342951444
STA.05.1000,0.302893318
STA.05.1066,0.237564091
STA.05.2000,0.286684445
STA.06.142,0.605255271
STA.06.164,0.346671631
STA.06.170,0.338998021
STA.06.172,0.272443276
STA.07.2110,0.331378112
STA.07.2910,0.385559537
STA.08.1919,0.397112138
STA.09.A23,0.253142858
STA.09.MBA,0.304145238
STA.09.TAB,0.278264034
STA.10.ILL1,0.18616261
STA.10.SON1,0.136191311
STA.10.VOR1,0.150387921
STA-BA0029A,0.353264303
STA-BA0037A,0.773862863
STA-BA0038A,0.772899637
STA-BA0041A,0.731080853
STA-BA0044A,0.908144857
STA-BA0049A,0.415001272
STA-BETB001,0.290568602
STA-BETB004,0.199379977
STA-BETB006,0.316435312
STA-BETN043,0.414538173
STA-BETN060,0.203788635
STA-BETN063,0.197318644
STA-BETN070,0.209067518
STA-BETN085,0.154741734
STA-BETN132,0.179638498
STA-BETR001,0.258602258
STA-BETR002,0.234785948
STA-BETR020,0.236900293
STA-BETR222,0.2121981
STA-BETR223,0.255245604
STA-BETR401,0.353375471
STA-BETR501,0.249188445
STA-BETR512,0.250063982
STA-BETR701,0.232059061
STA-BETR750,0.300677286
STA-BETR802,0.278953036
STA-BETWOL1,0.188119916
STA-BG0013A,0.276222707
STA-BG0018A,2.174242564
STA-BG0019A,2.851199996
STA-BG0041A,0.801910639
STA-BG0043A,0.315403973
STA-BG0044A,0.328556528
STA-BG0045A,0.400150237
STA-BG0050A,0.547568102
STA-BG0051A,0.375054329
STA-BG0055A,0.507225476
STA-BG0056A,0.293591109
STA-BG0070A,0.242879888
STA-BG0073A,0.599637258
STA-BG0075A,0.343672854
STA-BG0078A,0.651929824
STA-BG0079A,0.466881017
STA-BG0080A,0.483502976
STA-BG0083A,0.292246994
STA-BG0084A,1.391462048
STA-CH0002R,0.188932027
STA-CH0005A,0.277307188
STA-CH0005R,0.159095562
STA-CH0010A,0.246904203
STA-CH0011A,0.285452893
STA-CH0013A,0.260148299
STA-CH0028A,0.309038416
STA-CH0031A,0.351029967
STA-CH0055A,0.21763954
STA-CY0002R,0.150634415
STA-CY0004A,0.465569954
STA-CY0006A,0.302329218
STA.CZ_ALEG,0.475534023
STA.CZ_ALIB,0.327863412
STA.CZ_BBMK,0.375397426
STA.CZ_BBML,0.342315259
STA.CZ_BBNV,0.469967801
STA.CZ_CTAB,0.352216177
STA.CZ_HHKB,0.324764625
STA.CZ_JJIH,0.300829598
STA.CZ_JKOS,0.224607119
STA.CZ_PPLA,0.325942149
STA.CZ_SBER,0.503249951
STA.CZ_SKLS,0.412048675
STA.CZ_STCS,0.28417517
STA.CZ_TOCB,0.544859397
STA.CZ_TSTD,0.289163912
STA.CZ_UULD,0.41870644
STA.CZ_ZUHR,0.344936825
STA.DE_DEBB032,0.243817349
STA.DE_DEBB045,0.356660508
STA.DE_DEBB054,0.301806497
STA.DE_DEBB086,0.240421026
STA.DE_DEBB110,0.233043285
STA.DE_DEBE061,0.350265173
STA.DE_DEBE065,0.348358945
STA.DE_DEBW080,0.333673469
STA.DE_DEBW098,0.315428571
STA.DE_DEBW099,0.310993163
STA.DE_DEBW122,0.276618772
STA.DE_DEBW125,0.3432
STA.DE_DEBW147,0.374032351
STA.DE_DEBW152,0.453319892
STA.DE_DEBW156,0.309479629
STA.DE_DEBY001,0.302882521
STA.DE_DEBY006,0.282899784
STA.DE_DEBY014,0.280011441
STA.DE_DEBY021,0.269096819
STA.DE_DEBY028,0.304240233
STA.DE_DEBY035,0.318696771
STA.DE_DEBY037,0.359925444
STA.DE_DEBY063,0.322018729
STA.DE_DEBY099,0.236628671
STA.DE_DEBY110,0.367034979
STA.DE_DEBY115,0.42870214
STA.DE_DEBY119,0.292200796
STA.DE_DEBY120,0.354221834
STA.DE_DEHB001,0.213955865
STA.DE_DEHB005,0.187746605
STA.DE_DEHB006,0.277317999
STA.DE_DEHB012,0.241452453
STA.DE_DEHE001,0.256351208
STA.DE_DEHE018,0.312461444
STA.DE_DEHE037,0.313392576
STA.DE_DEHE040,0.409342008
STA.DE_DEHE041,0.410808993
STA.DE_DEHE042,0.200322637
STA.DE_DEHE049,0.314489815
STA.DE_DEHE059,0.369268581
STA.DE_DEHE061,0.396589282
STA.DE_DEHE062,0.312418337
STA.DE_DEHE063,0.339417279
STA.DE_DEHE116,0.355241438
STA.DE_DEHE131,0.452493598
STA.DE_DEHE135,0.196056911
STA.DE_DEHE150,0.176623776
STA.DE_DEHH033,0.294196568
STA.DE_DEHH068,0.420678021
STA.DE_DEHH070,0.408914605
STA.DE_DEMV022,0.281853979
STA.DE_DEMV023,0.240399377
STA.DE_DEMV025,0.242315888
STA.DE_DEMV058,0.244841448
STA.DE_DENI048,0.763945403
STA.DE_DENI066,0.763797563
STA.DE_DENI067,0.824189132
STA.DE_DENI068,0.772161957
STA.DE_DENI070,0.732394443
STA.DE_DENI075,0.804593406
STA.DE_DENI143,0.778413563
STA.DE_DENI157,0.739965812
STA.DE_DERP001,0.302949617
STA.DE_DERP003,0.290133744
STA.DE_DERP007,0.234590203
STA.DE_DERP009,0.282935322
STA.DE_DERP010,0.405963333
STA.DE_DERP011,0.360427529
STA.DE_DERP019,0.275539835
STA.DE_DERP020,0.289791995
STA.DE_DERP021,0.290827442
STA.DE_DERP022,0.266452426
STA.DE_DERP023,0.315156405
STA.DE_DERP024,0.226381871
STA.DE_DERP025,0.219374351
STA.DE_DERP041,0.337329732
STA.DE_DESL003,0.396307827
STA.DE_DESL017,0.359780471
STA.DE_DESL020,0.42977281
STA.DE_DEST011,0.246610345
STA.DE_DEST015,0.206434441
STA.DE_DEST092,0.315740132
STA.DE_DEST103,0.326415664
STA.DE_DEST105,0.18170408
STA.DE_DEST108,0.238639839
STA.DE_DEST133,0.24894477
STA.DE_DETH072,0.363947751
STA.DE_DEUB004,0.148202596
STA.DE_DEUB030,0.168390832
STA.DE_DEUB044,111.1106356
STA-DK0012R,0.191501212
STA-DK0034A,0.278066952
STA-DK0045A,0.199691691
STA-DK0051A,0.254217497
STA-DK0058A,0.245917156
STA-EE0009R,0.158834896
STA-EE0015A,0.1901305
STA-EE0018A,0.170237736
STA-EE0019A,0.191171286
STA-EE0020A,0.19845715
STA-EE0021A,0.255034861
STA-EE0022A,0.197491361
STA_ES1349A,0.211846118
STA_ES1489A,0.163449437
STA_ES1502A,0.219484241
STA_ES1492A,0.243177538
STA_ES1535A,0.356518493
STA_ES1623A,0.112787201
STA_ES1635A,0.163136729
STA_ES1968A,0.113809766
STA_ES1624A,0.122749913
STA_ES1849A,0.155193153
STA_ES1677A,0.106150979
STA_ES1913A,0.108530428
STA_ES1393A,0.246404568
STA_ES2067A,0.467
STA_ES1835A,0.289182192
STA_ES1549A,0.30435818
STA_ES1601A,0.142387954
STA_ES1819A,0.254173623
STA_ES1820A,0.322047435
STA_ES1610A,0.397803347
STA_ES1438A,0.366193967
STA_ES1480A,0.39464224
STA_ES1856A,0.297517608
STA_ES1992A,0.292436446
STA_ES1910A,0.239591451
STA_ES1135A,0.367043169
STA_ES1816A,0.381585324
STA_ES0584A,0.271088354
STA_ES1778A,0.101990107
STA_ES1983A,0.278831093
STA_ES1684A,0.333554692
STA_ES1018A,0.353885381
STA_ES1903A,0.335256955
STA_ES1339A,0.250265572
STA_ES1160A,0.245079511
STA_ES1615A,0.271673655
STA_ES1997A,0.381806157
STA_ES1616A,0.275843592
STA_ES1076A,0.45907628
STA_ES1479A,0.547811087
STA_ES1620A,0.516273438
STA_ES1781A,0.684
STA_ES1822A,0.567
STA_ES1593A,0.437083948
STA_ES0556A,0.780083571
STA_ES0893A,0.522663885
STA_ES1074A,0.621177139
STA_ES1685A,0.131978799
STA_ES1877A,0.134198113
STA_ES1687A,0.148131729
STA_ES1688A,0.116228122
STA_ES1834A,0.146199123
STA_ES1689A,0.10833845
STA_ES1690A,0.118968134
STA_ES1969A,0.115550092
STA_ES1691A,0.100235018
STA_ES1279A,0.089189941
STA_ES1799A,0.320843688
STA_ES2047A,0.287121345
STA_ES1971A,0.324517237
STA_ES1138A,0.14908845
STA_ES1957A,0.15138164
STA_ES1867A,0.125108771
STA_ES1557A,0.100267344
STA_ES0201A,0.273374197
STA_ES0094A,0.302020818
STA_ES1868A,0.109220764
STA_ES1901A,0.223387396
STA_ES1999A,0.358464286
STA_ES1973A,0.075109842
STA_ES1560A,0.676684407
STA_ES1924A,0.230658023
STA_ES1370A,0.380162954
STA_ES1537A,0.400762751
STA_ES1599A,0.168396248
STA_ES1499A,0.181912103
STA_ES1442A,0.251976384
STA_ES1494A,0.329858993
STA_ES1256A,0.47705845
STA_ES1328A,0.684749166
STA_ES1340A,0.603451815
STA_ES1658A,0.404873852
STA_ES1793A,0.894731999
STA_ES1792A,0.601098614
STA_ES1253A,0.119005817
STA_ES1656A,0.431181116
STA_ES1824A,0.223991274
STA_ES1718A,0.658411423
STA_ES1161A,0.392048533
STA_ES1225A,0.225726189
STA_ES1982A,0.132918767
STA_ES1649A,0.364885611
STA_ES1779A,0.306570802
STA_ES1746A,0.324773487
STA_ES1602A,0.375900621
STA_ES1753A,0.383031319
STA_ES1905A,0.109584631
STA_ES1563A,0.58000695
STA_ES1802A,0.431084533
STA_ES1613A,0.551755497
STA_ES0115A,0.415379326
STA_ES0118A,0.277927225
STA_ES1422A,0.449578553
STA_ES1943A,0.330152848
STA_ES1568A,0.621937716
STA_ES1806A,0.357672384
STA_ES1810A,0.506852792
STA_ES1751A,0.1537984
STA_ES1750A,0.466301001
STA_ES2030A,0.926884218
STA_ES1921A,0.587636165
STA_ES1633A,0.34993571
STA_ES1749A,0.35466141
STA_ES1662A,0.323549175
STA_ES2068A,0.515886859
STA_ES1472A,0.156858573
STA_ES1740A,0.433426508
STA_ES1661A,0.604591004
STA_ES2085A,0.111375931
STA_ES2014A,0.191581732
STA_ES1096A,0.24123615
STA_ES1320A,0.470107707
STA_ES1424A,0.660474643
STA_ES2054A,0.431824852
STA_ES1432A,0.397167129
STA_ES1270A,0.476022714
STA_ES1271A,0.478216428
STA_ES1272A,0.293847495
STA_ES1358A,0.382048663
STA_ES2069A,0.433836735
STA_ES0825A,0.520365517
STA_ES1353A,0.334924489
STA_ES1268A,0.458054309
STA_ES1269A,0.441244784
STA_ES1572A,0.542909301
STA_ES2075A,0.396838994
STA_ES1433A,0.181287729
STA_ES2051A,0.609450575
STA_ES1573A,0.497642192
STA_ES2084A,0.100614035
STA_ES2061A,0.273141459
STA_ES1137A,0.158587058
STA_ES2063A,0.145430964
STA_ES1618A,0.505721779
STA_ES2000A,0.614046734
STA_ES1576A,0.385380117
STA_ES1577A,0.345269805
STA_ES1529A,0.359789157
STA_ES1580A,0.508787427
STA_ES1038A,0.288895269
STA_ES1037A,0.346482268
STA_ES1640A,0.360668255
STA_ES1653A,0.480539392
STA_ES1860A,0.31422913
STA_ES0890A,0.60333441
STA_ES0817A,0.192310784
STA_ES1450A,0.342975131
STA_ES1425A,0.418429865
STA_ES1638A,0.416302167
STA_ES1644A,0.299651449
STA_ES1643A,0.369938419
STA_ES1812A,0.266735775
STA_ES1208A,0.230501839
STA_ES1666A,0.247713626
STA_ES1911A,0.105582998
STA_ES1617A,0.109286129
STA_ES2018A,0.107122184
STA_ES1709A,0.114572864
STA_ES1886A,0.123294962
STA_ES1182A,0.131885797
STA_ES1711A,0.10312841
STA_ES1826A,0.161794398
STA_ES1185A,0.151348587
STA_ES1884A,0.127259179
STA_ES1917A,0.132703488
STA_ES2055A,0.119501134
STA_ES1239A,0.186864256
STA_ES1912A,0.14053895
STA_ES1926A,0.150075502
STA_ES2019A,0.111728139
STA_ES1631A,0.518020334
STA_ES1712A,0.251044097
STA_ES1244A,0.264586318
STA_ES0110A,0.29134558
STA_ES1418A,0.369018504
STA_ES1044A,0.197862138
STA_ES1047A,0.217146213
STA_ES1090A,0.162184853
STA_ES1641A,0.168550742
STA_ES1836A,0.185939315
STA_ES1837A,0.198301244
STA_ES2064A,0.211323439
STA-FI00356,0.139215854
STA-FR01064,0.358641557
STA-FR02043,0.320093244
STA-FR04018,0.232299259
STA-FR04055,0.227267425
STA-FR04058,0.426694185
STA-FR04143,0.227845702
STA-FR05083,0.201675561
STA-FR05084,0.206838173
STA-FR05089,0.557348571
STA-FR09404,0.228876142
STA-FR10034,0.259609589
STA-FR11034,0.26841542
STA-FR16034,0.228261128
STA-FR16069,0.230445308
STA-FR20069,0.333895101
STA-FR23140,0.255098321
STA-FR25053,0.267242915
STA-FR30019,0.175619437
STA-FR30026,0.273394279
STA-FR30036,0.151516456
STA-FR34028,0.184675443
STA-FR37007,0.417437046
STA-FR38023,0.252333333
STA-FR41059,0.491185847
Station_GB0580A,2.717472714
Station_GB0567A,1.04839116
Station_GB0584A,1.128074074
Station_GB0620A,1.112314663
Station_GB0682A,1.086834636
Station_GB0906A,0.991023899
GIB_Station_GB0050A,0.350837253
STA-GR0002A,0.522102332
STA-GR0018A,0.303190759
STA-GR0020A,0.360187514
STA-GR0022A,0.593401487
STA-GR0029A,0.619837601
STA-GR0030A,0.503944125
STA-GR0031A,0.644127659
STA-GR0032A,1.326649442
STA-GR0048A,0.579910765
STA-GR0410A,0.35552816
HR_DOC_TYPE_D_STA_RH0101,0.639425941
HR_DOC_TYPE_D_STA_RH0108,0.188396843
HR_DOC_TYPE_D_STA_RH0104,0.294572686
HR_DOC_TYPE_D_STA_RH0106,0.385130085
STA-HU0002R,0.117764251
STA-HU0022A,0.55130325
STA-HU0023A,0.434320546
STA-HU0024A,0.434105212
STA-HU0025A,0.55991784
STA-HU0026A,0.585758055
STA-HU0027A,0.572442737
STA-HU0028A,0.485089302
STA-HU0030A,0.708670498
STA-HU0031A,0.44001213
STA-HU0032A,0.303002559
STA-HU0033A,0.495554204
STA-HU0034A,0.43526016
STA-HU0035A,0.347196263
STA-HU0036A,0.465057539
STA-HU0037A,0.444342339
STA-HU0038A,0.584502324
STA-HU0039A,0.429322153
STA-HU0041A,0.681333419
STA-HU0042A,0.717565307
STA-HU0045A,0.633132802
STA-HU0057A,0.30706432
STA.IE.IE001BP,0.30377314
STA.IE.IE001CM,0.100705379
STA.IE.IE002CM,0.123207347
STA.IE.IE0098A,0.305456745
STA.IT0063A,0.215250597
STA.IT0187A,0.689341394
STA.IT0459A,0.504085434
STA.IT0460A,0.534244354
STA.IT0469A,0.508628044
STA.IT0470A,0.714036708
STA.IT0477A,1.003559725
STA.IT0480A,0.810506058
STA.IT0592A,0.923506213
STA.IT0706A,0.748931272
STA.IT0707A,0.733174857
STA.IT0721A,0.826025756
STA.IT0740A,0.652420129
STA.IT0755A,0.695873345
STA.IT0761A,0.861658783
STA.IT0771A,0.72591191
STA.IT0776A,0.677282881
STA.IT0777A,0.695181412
STA.IT0778A,0.812002079
STA.IT0813A,0.232887977
STA.IT0832A,0.331078148
STA.IT0839A,0.75660621
STA.IT0846A,0.785409411
STA.IT0854A,0.56937028
STA.IT0861A,0.792988067
STA.IT0863A,0.289249001
STA.IT0867A,0.413457808
STA.IT0871A,0.33562544
STA.IT0885A,0.273890339
STA.IT0888A,0.397160656
STA.IT0895A,0.708285105
STA.IT0898A,0.810224002
STA.IT0906A,0.763598992
STA.IT0908A,0.71340997
STA.IT0945A,0.292432755
STA.IT0953A,0.356238912
STA.IT0983A,0.777690508
STA.IT0991A,0.475102533
STA.IT0997A,0.722159088
STA.IT1011A,0.461000355
STA.IT1016A,0.932762441
STA.IT1026A,0.419881899
STA.IT1029A,0.683633491
STA.IT1044A,0.765596834
STA.IT1090A,0.381058322
STA.IT1104A,0.73769243
STA.IT1105A,0.750727763
STA.IT1145A,0.707580451
STA.IT1153A,0.695507289
STA.IT1159A,0.739558935
STA.IT1180A,0.493460008
STA.IT1190A,0.741274048
STA.IT1192A,0.858815834
STA.IT1193A,0.358881514
STA.IT1200A,0.521177351
STA.IT1215A,0.34171411
STA.IT1243A,0.193103502
STA.IT1251A,0.911171868
STA.IT1264A,0.622930856
STA.IT1269A,0.231758405
STA.IT1273A,0.1402791
STA.IT1286A,0.695151025
STA.IT1290A,0.840443212
STA.IT1309A,0.229649573
STA.IT1334A,0.336880691
STA.IT1336A,0.304581398
STA.IT1361A,0.678971292
STA.IT1397A,0.301626972
STA.IT1409A,0.49163098
STA.IT1420A,0.52490404
STA.IT1423A,0.315916403
STA.IT1427A,0.207503721
STA.IT1456A,0.443759433
STA.IT1459A,0.81697816
STA.IT1475A,0.295394389
STA.IT1487A,0.701563294
STA.IT1491A,0.873608964
STA.IT1493A,0.816165036
STA.IT1497A,0.429569549
STA.IT1504A,0.5277125
STA.IT1549A,0.463864992
STA.IT1552A,0.426932474
STA.IT1560A,0.487393444
STA.IT1576A,0.169454147
STA.IT1578A,0.497094079
STA.IT1583A,0.262015704
STA.IT1585A,0.203368545
STA.IT1588A,0.711425053
STA.IT1598A,0.481192298
STA.IT1606A,0.266098633
STA.IT1611A,0.430312057
STA.IT1618A,0.471215653
STA.IT1621A,0.397148649
STA.IT1658A,0.305611655
STA.IT1660A,0.381753695
STA.IT1674A,0.40792964
STA.IT1676A,0.542003134
STA.IT1698A,0.684650285
STA.IT1704A,0.220515389
STA.IT1735A,0.616723993
STA.IT1740A,0.49027074
STA.IT1741A,0.310991595
STA.IT1742A,0.377354402
STA.IT1744A,0.239554917
STA.IT1746A,0.830710709
STA.IT1753A,0.478179154
STA.IT1766A,0.429077704
STA.IT1773A,0.330839085
STA.IT1792A,0.839659898
STA.IT1795A,0.378817536
STA.IT1800A,0.98434149
STA.IT1804A,1.175206808
STA.IT1817A,0.285940171
STA.IT1827A,0.480195192
STA.IT1829A,0.365704722
STA.IT1837A,0.681287163
STA.IT1838A,0.423496108
STA.IT1847A,0.472736706
STA.IT1848A,0.233622637
STA.IT1850A,0.582500913
STA.IT1857A,0.73992629
STA.IT1859A,0.545240296
STA.IT1860A,0.44985939
STA.IT1862A,0.453329348
STA.IT1869A,0.785049028
STA.IT1880A,0.399072828
STA.IT1882A,0.612027719
STA.IT1886A,0.544984438
STA.IT1887A,0.810467174
STA.IT1888A,0.351621726
STA.IT1889A,0.205913096
STA.IT1890A,0.245372053
STA.IT1895A,0.355992432
STA.IT1897A,0.450096564
STA.IT1898A,0.2760217
STA.IT1899A,0.28825457
STA.IT1900A,0.398664084
STA.IT1901A,0.346837215
STA.IT1920A,0.810593779
STA.IT1923A,0.744039315
STA.IT1932A,0.297594014
STA.IT1938A,0.482151787
STA.IT1940A,0.419910347
STA.IT1953A,0.36842842
STA.IT1977A,0.38948307
STA.IT1993A,0.264465748
STA.IT1997A,0.229985755
STA.IT2004A,0.563616254
STA.IT2005A,0.260113449
STA.IT2008A,0.34665135
STA.IT2009A,0.196099551
STA.IT2010A,0.203926042
STA.IT2011A,0.135353814
STA.IT2013A,0.399015064
STA.IT2019A,0.586492418
STA.IT2028A,0.316150474
STA.IT2031A,0.467383589
STA.IT2038A,0.331054465
STA.IT2039A,0.666073394
STA.IT2044A,0.327482408
STA.IT2056A,0.328873655
STA.IT2059A,0.212074143
STA.IT2061A,0.443502366
STA.IT2071A,0.376754786
STA.IT2072A,0.364952406
STA.IT2078A,0.456724158
STA.IT2087A,0.63806828
STA.IT2089A,0.560565294
STA.IT2093A,0.55732237
STA.IT2094A,0.172212009
STA.IT2110A,0.415757175
STA.IT2116A,0.449895324
STA.IT2118A,0.323781213
STA.IT2121A,0.466931949
STA.IT2134A,0.431269128
STA.IT2139A,0.233569261
STA.IT2144A,0.50043635
STA.IT2145A,0.3620161
STA.IT2146A,0.712330154
STA.IT2148A,0.287022773
STA.IT2152A,0.4474126
STA.IT2156A,0.789025696
STA.IT2161A,0.487985116
STA.IT2164A,0.34801133
STA.IT2165A,0.479913412
STA.IT2169A,0.38894279
STA.IT2170A,0.54991707
STA.IT2171A,0.351123792
STA.IT2174A,0.340206433
STA.IT2177A,0.407094218
STA.IT2184A,0.255756698
STA.IT2202A,0.326403758
STA.IT2203A,0.218767009
STA.IT2204A,0.14369662
STA.IT2205A,0.316660965
STA.IT2210A,0.753376729
STA.IT2211A,0.362180143
STA.IT2213A,0.889622392
STA.IT2214A,0.832812303
STA.IT2218A,0.39937292
STA.IT2219A,0.605388232
STA.IT2221A,0.840015692
STA.IT2222A,0.529241694
STA.IT2223A,0.794329561
STA.IT2224A,0.546219212
STA.IT2226A,0.425265018
STA.IT2227A,0.809992515
STA.IT2229A,0.339294533
STA.IT2231A,0.360639471
STA.IT2245A,0.373980071
STA.IT2245A,0.373980071
STA.IT2250A,0.634717471
STA.IT2261A,0.431990025
STA.IT2269A,0.568888047
STA.IT2271A,0.580245104
STA.IT2273A,0.5176809
STA.IT2274A,0.272053915
STA.IT2277A,0.346304945
STA.IT2278A,0.343773696
STA.IT2289A,0.496846734
STA.IT2290A,0.223333333
STA.IT2291A,0.265138163
STA-LT00001,0.273499425
STA-LT00003,0.30922369
STA-LT00004,0.282801276
STA-LT00012,0.271922392
STA-LT00022,0.293398245
STA-LT00031,0.245200558
STA-LT00033,0.227314458
STA-LT00041,0.282279551
STA-LT00044,0.214209571
STA-LU0101A,0.243008658
STA-LU0102A,0.241612364
STA-LU0109A,0.231794628
STA-LV000L1,0.279545687
STA-ME0002A,0.505570847
STA-ME0008A,0.504577373
STA-ME0009A,0.623552558
STA-MK0030A,0.435092508
STA-MK0031A,1.019792844
STA-MK0034A,0.501208121
STA-MK0035A,0.746210113
STA-MK0036A,0.676411604
STA-MK0037A,0.467377094
STA-MK0038A,0.580116768
STA-MK0040A,0.479384371
STA-MK0041A,0.58835973
STA-MK0043A,0.703186555
STA-MK0044A,0.722368676
STA-MK0045A,0.422627481
STA-MT00005,0.368558526
STA-MT00007,0.15224987
STA-NL00007,0.360453386
STA-NL00012,0.396474307
STA-NL00014,0.321576139
STA-NL00551,0.347216601
STA-NL00553,0.311205485
STA-NL00561,0.344501449
STA-NL00644,0.212805431
STA-NL00741,0.33311901
STA-NL00742,0.262169797
STA_NO0011A,0.268851372
STA_PL0012A,0.79434644
STA_PL0014A,0.216834522
STA_PL0031A,0.245002916
STA_PL0039A,0.399749601
STA_PL0047A,0.342301102
STA_PL0048A,0.284386425
STA_PL0049A,0.294004871
STA_PL0050A,0.27804442
STA_PL0052A,0.322715224
STA_PL0064A,0.430020517
STA_PL0072A,0.340588969
STA_PL0077A,0.250128025
STA_PL0096A,0.392479856
STA_PL0115A,0.466190788
STA_PL0126A,0.431282971
STA_PL0136A,0.340234405
STA_PL0138A,0.398963669
STA_PL0140A,0.578115167
STA_PL0148A,0.333156232
STA_PL0175A,0.290916966
STA_PL0184A,0.393301449
STA_PL0190A,0.410338698
STA_PL0192A,0.381538488
STA_PL0194A,0.389186145
STA_PL0197A,0.592104099
STA_PL0198A,0.360329936
STA_PL0205A,0.44711937
STA_PL0209A,0.348656506
STA_PL0212A,0.364310793
STA_PL0213A,0.343602919
STA_PL0218A,0.336505488
STA_PL0236A,0.398348015
STA_PL0237A,0.406920937
STA_PL0239A,0.470733367
STA_PL0241A,0.472503414
STA_PL0242A,0.382507722
STA_PL0244A,0.37676298
STA_PL0245A,0.372272524
STA_PL0252A,0.454925289
STA_PL0276A,0.288188339
STA_PL0295A,0.318503738
STA_PL0298A,0.252475965
STA_PL0312A,0.2999394
STA_PL0398A,0.372810356
STA_PL0468A,0.360220144
STA_PL0495A,0.263157824
STA_PL0503A,0.33835375
STA_PL0507A,0.326748637
STA_PL0509A,0.493192638
STA_PL0526A,0.538146229
STA_PL0539A,0.358740567
STA_PL0543A,0.462911832
STA_PL0544A,0.511222484
STA_PL0552A,0.381922305
STA_PL0558A,0.581847186
STA_PL0560A,0.455197514
STA_PL0567A,0.459564476
STA_PL0575A,0.249012001
STA_PL0580A,0.454160722
STA_PL0585A,0.361809079
STA_PL0591A,0.280814803
STA_PL0635A,0.530353569
STA_PL0647A,0.587147776
STA_PL0673A,0.374709323
STA_PL0682A,0.301158916
STA_PL0684A,0.426730477
STA_PL0700A,0.275872754
STA_PL0704A,0.429097172
STA_PL0705A,0.465130704
STA_PL0718A,0.266979512
STA_PL0731A,0.453809189
STA_PL0736A,0.449187895
STA_PL0747A,0.407017308
STA-PT01028,0.505724521
STA-PT01030,0.577576088
STA-PT02017,0.189644238
STA-PT03071,0.271162762
STA-PT03072,0.304132718
STA-PT03075,0.273733515
STA-PT03082,5.69E-05
STA-PT03083,0.262826278
STA-PT03093,0.568
STA-PT03094,0.241208645
STA-PT03097,0.259003557
STA-PT03100,0.380215594
STA-PT04002,0.053384262
STA-PT05011,0.095679734
STA-PT06004,0.12884808
STA-RO0066A,0.882178005
STA-RO0067A,0.886475254
STA-RO0070A,1.046811266
STA-RO0083A,0.1782379
STA-RO0086A,0.047676903
STA-RO0092A,0.179844205
STA-RO0094A,0.142078665
STA-RO0095A,0.121309711
STA-RO0096A,0.16081879
STA-RO0097A,0.297885032
STA-RO0098A,0.569086382
STA-RO0099A,0.190173644
STA-RO0100A,0.20414552
STA-RO0101A,0.256739552
STA-RO0102A,0.371727494
STA-RO0103A,0.296641597
STA-RO0104A,0.154896958
STA-RO0106A,0.155333252
STA-RO0107A,0.154395196
STA-RO0108A,0.698353096
STA-RO0109A,0.271985344
STA-RO0110A,0.676519696
STA-RO0111A,0.564435955
STA-RO0112A,0.238880019
STA-RO0113A,0.129210147
STA-RO0116A,0.077136722
STA-RO0117A,0.063216975
STA-RO0118A,0.161344112
STA-RO0119A,0.20630212
STA-RO0120A,0.197865603
STA-RO0121A,0.17568053
STA-RO0122A,0.180378282
STA-RO0123A,0.225855499
STA-RO0124A,0.583460399
STA-RO0125A,0.718845875
STA-RO0126A,0.956873011
STA-RO0128A,0.167332132
STA-RO0130A,0.477208576
STA-RO0131A,0.171460472
STA-RO0136A,0.097619221
STA-RO0137A,0.106927334
STA-RO0138A,0.106178554
STA-RO0141A,0.080024976
STA-RO0143A,0.172295102
STA-RO0144A,0.090055966
STA-RO0145A,0.167797957
STA-RO0150A,0.4343921
STA-RO0151A,0.430820067
STA-RO0152A,1.033870419
STA-RO0153A,0.216204135
STA-RO0154A,0.217186013
STA-RO0155A,0.157602339
STA-RO0156A,0.469120459
STA-RO0157A,0.192249016
STA-RO0158A,0.613651003
STA-RO0159A,0.138427733
STA-RO0161A,0.272030505
STA-RO0162A,0.285851942
STA-RO0163A,0.34429458
STA-RO0164A,0.238273868
STA-RO0165A,0.240564891
STA-RO0167A,0.193712731
STA-RO0168A,0.261438857
STA-RO0169A,0.703256221
STA-RO0171A,0.186320911
STA-RO0174A,0.141157242
STA-RO0175A,0.180157976
STA-RO0176A,0.191660346
STA-RO0177A,0.120707217
STA-RO0178A,0.132596453
STA-RO0179A,0.190949314
STA-RO0180A,0.194193661
STA-RO0181A,0.167935032
STA-RO0182A,0.255001294
STA-RO0183A,0.65432736
STA-RO0184A,0.621874899
STA-RO0185A,0.168768562
STA-RO0186A,0.227450006
STA-RO0187A,0.204316892
STA-RO0188A,0.080280218
STA-RO0189A,0.423496067
STA-RO0190A,0.783904662
STA-RO0191A,0.630665298
STA-RO0192A,0.594565796
STA-RO0193A,0.234853041
STA-RO0194A,0.205799454
STA-RO0195A,0.101787081
STA-RO0196A,0.142789561
STA-RO0197A,0.316860801
STA-RO0198A,0.348387735
STA-RO0200A,0.13883488
STA-RO0201A,0.025892151
STA-RO0203A,0.251426006
STA-RO0204A,0.481509339
STA-RO0205A,0.50591972
STA-RO0206A,0.131911222
STA-RO0207A,0.499731022
STA-RO0208A,0.70370888
STA-RO0210A,0.702206141
STA-RO0211A,0.383315275
STA-RO0215A,0.613858528
STA-RO0216A,0.652373621
STA-RO0217A,0.579347058
STA-RS0028A,0.555393756
STA-RS0029A,0.461890414
STA-RS0031A,0.326389471
STA-RS0032A,0.445710234
STA-RS0033A,0.583701939
STA-RS0034A,0.384433916
STA-RS0035A,0.456865829
STA-RS0036A,0.40550992
STA-RS0038A,0.33951894
STA-RS0039A,0.585168891
STA-RS0041A,0.729014801
STA-RS0042A,0.424796871
STA-RS0043A,0.627833179
STA-RS0044A,0.88400165
STA-RS0045A,0.456581481
STA-RS0046A,0.796283815
STA-RS0048A,0.901186224
STA-SE0003A,0.33635909
STA-SE0027A,0.333163392
STA-SE0058A,0.255178389
STA-SE0094A,0.277875728
STA-SE18638,0.308099803
STA-SE18639,0.339049486
STA-SE18640,0.290081098
STA-SE18641,0.350615748
STA-SI0002A,0.396528075
STA-SI0003A,0.325125705
STA-SI0032R,0.158805673
STA-SI0054A,0.473810994
STA-SK0002A,0.379964035
STA-SK0008A,0.555264015
STA-SK0018A,0.390470257
STA-SK0020A,0.387868211
STA-SK0039A,0.435236823
STA-SK0045A,0.467263019
STA-SK0047A,0.449827381
STA-SK0214A,0.451275898
STA-SK0265A,0.522431622
STA-SK0266A,0.527662702
STA-SK0267A,0.655260359
STA-SK0269A,0.417722605
STA-SK0407A,0.281089063
STA-TR010441,0.39541996
STA-TR040241,0.687130922
STA-TR040341,0.913013425
STA-TR050431,0.852971063
STA-TR060141,0.652566465
STA-TR0601721,1.302829228
STA-TR0601941,0.4627542
STA-TR060831,1.073497348
STA-TR070141,0.810496342
STA-TR100531,1.193195744
STA-TR140441,0.526771783
STA-TR150141,0.8095464
STA-TR160231,1.144315911
STA-TR170541,0.416726014
STA-TR180141,0.545498743
STA-TR240231,1.159904043
STA-TR250241,0.818258087
STA-TR250311,0.381552603
STA-TR250531,1.302754974
STA-TR260441,0.495830424
STA-TR280241,0.8917616
STA-TR310222,0.376374894
STA-TR320141,0.577514499
STA-TR340141,0.530704193
STA-TR340411,0.483954113
STA-TR340531,0.732820842
STA-TR341031,0.845044189
STA-TR341131,0.629873392
STA-TR341231,0.676947679
STA-TR341431,0.500775559
STA-TR341541,0.610863026
STA-TR341641,0.477350413
STA-TR341841,0.725347222
STA-TR341931,0.576625563
STA-TR342041,0.549921206
STA-TR342141,0.527656357
STA-TR342341,0.625023979
STA-TR342741,0.783335405
STA-TR342841,0.188001567
STA-TR342931,0.610521835
STA-TR343041,0.407243775
STA-TR343241,0.566496355
STA-TR343611,0.246118433
STA-TR343741,0.583980121
STA-TR343841,0.566180561
STA-TR343941,0.459322432
STA-TR350541,0.283051327
STA-TR350641,0.247533621
STA-TR350741,0.289626758
STA-TR350941,0.280416016
STA-TR360141,0.446159857
STA-TR360231,0.536765991
STA-TR370141,0.611099381
STA-TR380131,0.81388893
STA-TR380321,0.88821089
STA-TR380431,0.99777038
STA-TR400141,0.699611723
STA-TR410221,0.591056436
STA-TR410831,1.163860697
STA-TR420141,1.318724371
STA-TR420241,0.744924204
STA-TR420341,0.765625721
STA-TR420441,0.69737403
STA-TR430341,0.704814362
STA-TR450241,0.882695167
STA-TR500141,0.527681309
STA-TR510141,0.42984306
STA-TR520341,0.535389741
STA-TR540231,1.175259428
STA-TR550521,1.166669087
STA-TR550631,1.225986983
STA-TR570241,0.871181256
STA-TR580231,0.935705796
STA-TR590231,1.401743476
STA-TR590341,0.580376394
STA-TR600331,0.933281212
STA-TR610341,0.746456423
STA-TR610431,0.513414377
STA-TR610541,0.787544488
STA-TR660141,0.570424819
STA-TR670541,1.063490039
STA-TR670941,1.108623375
STA-TR680141,0.421021624
STA-TR700141,0.433824474
STA-TR710141,0.550253847
STA-TR740141,0.66455456
STA-TR780141,0.919164788
STA-TR810141,0.699837749
STA-XK0001A,1.33621946
STA-XK0002A,1.349219854
STA-XK0003A,0.674374257
STA-XK0004A,0.510129482
STA-XK0005A,0.852156249
STA-XK0006A,0.85718687
STA-XK0007A,0.436430221
STA-XK0008A,0.786699176
STA-XK0009A,0.878650869
STA-XK0010A,0.220532901
STA-XK0011A,0.780178179
STA-XK0012A,5.82967345
STA-AD0942A,0.208300443
STA-AL0203A,0.958992441
STA-AL0205A,0.791052366
STA-AL0206A,0.878219097
STA.01.0001,0.235343259
STA.02.KA21,0.28472079
STA.03.1401,0.237670372
STA.03.1402,0.232917733
STA.03.2302,0.259210045
STA.03.2701,0.236935583
STA.04.S173,0.403231339
STA.04.S217,0.244191624
STA.04.S406,0.24556813
STA.04.S416,0.339399628
STA.04.S431,0.337166565
STA.05.1000,0.284268053
STA.05.1066,0.222432326
STA.05.2000,0.268483293
STA.06.142,0.577127286
STA.06.164,0.327207792
STA.06.170,0.353725661
STA.06.172,0.290435801
STA.07.2110,0.311682254
STA.07.2910,0.386941055
STA.08.1919,0.333348057
STA.09.A23,0.241324303
STA.09.MBA,0.313876816
STA.09.TAB,0.262530304
STA.10.ILL1,0.192554523
STA.10.SON1,0.130831891
STA.10.VOR1,0.150671325
STA-BA0037A,0.634800011
STA-BA0038A,0.821469198
STA-BA0044A,1.231906262
STA-BA0045A,2.487576652
STA-BA0046A,1.457186683
STA-BA0047A,0.291424479
STA-BA0048A,0.928036507
STA-BA0052A,0.487136819
STA-BETB001,0.25801217
STA-BETB004,0.183720916
STA-BETB006,0.288002966
STA-BETB008,0.298438513
STA-BETN043,0.236380616
STA-BETN060,0.192381593
STA-BETN063,0.191478561
STA-BETN070,0.190000584
STA-BETN085,0.155703317
STA-BETN132,0.176215586
STA-BETR001,0.240145427
STA-BETR002,0.226842237
STA-BETR020,0.214177752
STA-BETR222,0.20411655
STA-BETR223,0.234348998
STA-BETR501,0.221222444
STA-BETR512,0.217950714
STA-BETR701,0.218339817
STA-BETR750,0.276407265
STA-BETR802,0.246191312
STA-BETWOL1,0.163538024
STA-BG0013A,0.258946709
STA-BG0018A,4.22383969
STA-BG0041A,0.378121787
STA-BG0043A,0.302689581
STA-BG0044A,0.355355139
STA-BG0045A,0.395159407
STA-BG0050A,0.528323651
STA-BG0051A,0.34592976
STA-BG0055A,0.286605061
STA-BG0056A,0.299839652
STA-BG0070A,0.336238285
STA-BG0073A,0.537696492
STA-BG0075A,0.360531796
STA-BG0078A,0.689839188
STA-BG0079A,0.623777722
STA-BG0080A,0.614995689
STA-BG0083A,0.350526073
STA-BG0084A,1.489612521
STA-CH0002R,0.191879282
STA-CH0005A,0.252276291
STA-CH0005R,0.153728767
STA-CH0010A,0.262340809
STA-CH0011A,0.292759346
STA-CH0013A,0.265167591
STA-CH0028A,0.290822529
STA-CH0031A,0.32613911
STA-CH0055A,0.290765423
STA-CY0002R,0.135185283
STA-CY0004A,0.432905597
STA-CY0006A,0.324783366
STA.CZ_ALEG,0.440693204
STA.CZ_ALIB,0.340093287
STA.CZ_BBMK,0.381837712
STA.CZ_BBML,0.338310536
STA.CZ_BBNV,0.462164786
STA.CZ_CTAB,0.361481193
STA.CZ_HHKB,0.324226402
STA.CZ_JJIH,0.319894663
STA.CZ_JKOS,0.227585651
STA.CZ_PPLA,0.308871269
STA.CZ_SBER,0.388993074
STA.CZ_SKLS,0.707249092
STA.CZ_STCS,0.310384814
STA.CZ_TCHO,0.566815114
STA.CZ_TOCB,0.46459131
STA.CZ_TOHO,0.380038779
STA.CZ_TOKO,0.389524408
STA.CZ_TOMH,0.264940373
STA.CZ_TORE,0.674285914
STA.CZ_TSTD,0.342159373
STA.CZ_UULD,0.408465724
STA.CZ_ZUHR,0.354418552
STA.DE_DEBB032,0.247757009
STA.DE_DEBB045,0.348750143
STA.DE_DEBB054,0.314627002
STA.DE_DEBB086,0.23403931
STA.DE_DEBB110,0.223514318
STA.DE_DEBE061,0.320818513
STA.DE_DEBE065,0.314524815
STA.DE_DEBW080,0.332012352
STA.DE_DEBW098,0.306266491
STA.DE_DEBW099,0.312801741
STA.DE_DEBW122,0.288313831
STA.DE_DEBW125,0.396876479
STA.DE_DEBW147,0.35209826
STA.DE_DEBW152,0.386659833
STA.DE_DEBW156,0.296956522
STA.DE_DEBY001,0.270872824
STA.DE_DEBY006,0.255149505
STA.DE_DEBY014,0.250729287
STA.DE_DEBY021,0.256820872
STA.DE_DEBY028,0.287863643
STA.DE_DEBY035,0.266676511
STA.DE_DEBY037,0.320911692
STA.DE_DEBY063,0.300747115
STA.DE_DEBY099,0.228148152
STA.DE_DEBY110,0.326853116
STA.DE_DEBY115,0.410547444
STA.DE_DEBY119,0.277023805
STA.DE_DEBY120,0.339850735
STA.DE_DEHB001,0.222406282
STA.DE_DEHB005,0.213001967
STA.DE_DEHB006,0.319204506
STA.DE_DEHB012,0.223860767
STA.DE_DEHB013,0.281875469
STA.DE_DEHE001,0.260207024
STA.DE_DEHE018,0.273687071
STA.DE_DEHE037,0.294096879
STA.DE_DEHE040,0.286938335
STA.DE_DEHE041,0.329971775
STA.DE_DEHE042,0.201902636
STA.DE_DEHE049,0.285226122
STA.DE_DEHE059,0.338745643
STA.DE_DEHE061,0.35765797
STA.DE_DEHE062,0.290381455
STA.DE_DEHE063,0.290793595
STA.DE_DEHE116,0.298152117
STA.DE_DEHE131,0.380469973
STA.DE_DEHE135,0.162853369
STA.DE_DEHE150,0.237015498
STA.DE_DEHH068,0.384477511
STA.DE_DEHH070,0.369161746
STA.DE_DEMV022,0.28136181
STA.DE_DEMV023,0.233071535
STA.DE_DEMV025,0.229401513
STA.DE_DEMV058,0.233537985
STA.DE_DENI048,0.730980719
STA.DE_DENI066,0.736031101
STA.DE_DENI067,0.773667445
STA.DE_DENI068,0.756786431
STA.DE_DENI070,0.736262792
STA.DE_DENI075,0.744527769
STA.DE_DENI143,0.707754442
STA.DE_DENI157,0.716837879
STA.DE_DERP001,0.272809959
STA.DE_DERP003,0.266356647
STA.DE_DERP007,0.223688529
STA.DE_DERP009,0.239658128
STA.DE_DERP010,0.335048446
STA.DE_DERP011,0.329362718
STA.DE_DERP019,0.236004246
STA.DE_DERP020,0.262637375
STA.DE_DERP021,0.269114781
STA.DE_DERP022,0.23115897
STA.DE_DERP023,0.263216539
STA.DE_DERP024,0.235447757
STA.DE_DERP025,0.209437819
STA.DE_DERP041,0.296596972
STA.DE_DESL003,0.385257339
STA.DE_DESL017,0.287870641
STA.DE_DESL020,0.376003272
STA.DE_DEST011,0.231504069
STA.DE_DEST015,0.193642962
STA.DE_DEST092,0.299579136
STA.DE_DEST103,0.303843762
STA.DE_DEST105,0.191940251
STA.DE_DEST108,0.226074425
STA.DE_DEST133,0.237769748
STA.DE_DEUB030,0.132524844
STA-DK0012R,0.169944166
STA-DK0034A,0.266303303
STA-DK0045A,0.187157781
STA-DK0051A,0.221120813
STA-DK0058A,0.18622664
STA-DK0059A,0.230998514
STA-EE0009R,0.169682829
STA-EE0015A,0.201456053
STA-EE0018A,0.179477101
STA-EE0019A,0.187019761
STA-EE0020A,0.197998367
STA-EE0021A,0.241385124
STA-EE0022A,0.182582411
STA_ES1349A,0.296069054
STA_ES1489A,0.171121212
STA_ES1502A,0.21451598
STA_ES1492A,0.281855246
STA_ES1535A,0.237351257
STA_ES1623A,0.102180724
STA_ES1635A,0.159080717
STA_ES1968A,0.102727807
STA_ES1624A,0.117959567
STA_ES1849A,0.12974607
STA_ES1677A,0.106358974
STA_ES1913A,0.100206125
STA_ES1393A,0.238533153
STA_ES1785A,0.130096371
STA_ES2067A,0.513760829
STA_ES1835A,0.350031188
STA_ES1549A,0.306124841
STA_ES1601A,0.154396238
STA_ES1819A,0.150085522
STA_ES1820A,0.176336361
STA_ES1610A,0.382141182
STA_ES1438A,0.275683028
STA_ES1480A,0.333772785
STA_ES1856A,0.275761407
STA_ES1992A,0.253590887
STA_ES1910A,0.350471365
STA_ES1135A,0.330498048
STA_ES1816A,0.320757845
STA_ES0584A,0.269411488
STA_ES1778A,0.111837477
STA_ES1983A,0.358961987
STA_ES1684A,0.376378715
STA_ES1018A,0.311321649
STA_ES1903A,0.341080817
STA_ES1339A,0.219238901
STA_ES1986A,0.460912343
STA_ES1160A,0.345428571
STA_ES1615A,0.22229303
STA_ES1997A,0.136731747
STA_ES1616A,0.185820722
STA_ES1664A,0.526709962
STA_ES1821A,0.156915756
STA_ES1076A,0.449160991
STA_ES1479A,0.574291756
STA_ES1620A,0.496927498
STA_ES1781A,0.485951146
STA_ES1822A,0.214155859
STA_ES1593A,0.628324108
STA_ES0556A,0.730109984
STA_ES0893A,0.401915622
STA_ES1074A,0.549084518
STA_ES1685A,0.130810185
STA_ES1877A,0.138476374
STA_ES1687A,0.110898956
STA_ES1688A,0.101791009
STA_ES1834A,0.148852135
STA_ES1689A,0.100080073
STA_ES1690A,0.111190878
STA_ES1969A,0.112698413
STA_ES1691A,0.102381245
STA_ES1279A,0.1195896
STA_ES1799A,0.366344538
STA_ES2047A,0.289030846
STA_ES1971A,0.343574907
STA_ES1957A,0.132642314
STA_ES2102A,0.125355971
STA_ES1867A,0.125540991
STA_ES1557A,0.100321285
STA_ES0201A,0.307682424
STA_ES0094A,0.366895155
STA_ES1868A,0.123146926
STA_ES1901A,0.183613678
STA_ES1999A,0.311140431
STA_ES1973A,0.055562726
STA_ES1560A,0.623258365
STA_ES1924A,0.307083943
STA_ES1370A,0.376668984
STA_ES1537A,0.377957642
STA_ES1599A,0.147123464
STA_ES1499A,0.168201572
STA_ES1442A,0.241852277
STA_ES1494A,0.26395066
STA_ES1256A,0.503134056
STA_ES1328A,0.398603165
STA_ES1340A,0.412385764
STA_ES1658A,0.394303144
STA_ES1793A,0.673370961
STA_ES1792A,0.370390717
STA_ES1253A,0.102994994
STA_ES1656A,0.490455629
STA_ES1824A,0.228189244
STA_ES1718A,0.523615819
STA_ES1161A,0.356804734
STA_ES1225A,0.24437132
STA_ES1982A,0.126156872
STA_ES1649A,0.359626927
STA_ES1779A,0.309751727
STA_ES1746A,0.32
STA_ES1602A,0.336927236
STA_ES1753A,0.29
STA_ES1905A,0.102607796
STA_ES1563A,0.471014324
STA_ES1802A,0.441130425
STA_ES1613A,0.559397285
STA_ES0115A,0.229552458
STA_ES0118A,0.304586414
STA_ES1422A,0.369815242
STA_ES1943A,0.31450179
STA_ES1568A,0.5030604
STA_ES1806A,0.404774628
STA_ES1810A,0.502147887
STA_ES1751A,0.194410519
STA_ES1750A,0.542983461
STA_ES1897A,0.277797448
STA_ES2107A,0.392995305
STA_ES2030A,0.84448758
STA_ES1921A,0.266481727
STA_ES1633A,0.316166917
STA_ES1749A,0.397101617
STA_ES1662A,0.340484262
STA_ES2068A,0.520110032
STA_ES1472A,0.128002323
STA_ES1740A,0.410458053
STA_ES2108A,0.398157895
STA_ES1661A,0.456528773
STA_ES2085A,0.102177819
STA_ES2014A,0.183196177
STA_ES1096A,0.171324138
STA_ES1320A,0.425378523
STA_ES1424A,0.543459192
STA_ES2054A,0.231517548
STA_ES1432A,0.265881316
STA_ES1270A,0.750863422
STA_ES1271A,0.382137836
STA_ES1272A,0.42
STA_ES1358A,0.293765652
STA_ES2069A,0.409577982
STA_ES0825A,0.352921814
STA_ES1353A,0.255038805
STA_ES1268A,0.383189853
STA_ES1269A,0.433827072
STA_ES1572A,0.467005064
STA_ES2075A,0.317469256
STA_ES1433A,0.217165429
STA_ES2051A,0.601699286
STA_ES1573A,0.377931524
STA_ES2084A,0.156253769
STA_ES2061A,0.222287801
STA_ES1137A,0.121804693
STA_ES2063A,0.120800427
STA_ES2000A,0.472695612
STA_ES1576A,0.332387599
STA_ES1577A,0.33332568
STA_ES1529A,0.238486165
STA_ES1580A,0.287530534
STA_ES1038A,0.268463423
STA_ES1037A,0.322962019
STA_ES1967A,0.242321117
STA_ES1640A,0.491889121
STA_ES1653A,0.485363658
STA_ES1860A,0.213949831
STA_ES0890A,0.520139942
STA_ES0817A,0.571995179
STA_ES1450A,0.298556679
STA_ES1425A,0.502960826
STA_ES1638A,0.43993357
STA_ES1644A,0.275939812
STA_ES1812A,0.234684951
STA_ES1208A,0.235624926
STA_ES1666A,0.218056671
STA_ES1911A,0.108937043
STA_ES1617A,0.108402092
STA_ES2018A,0.101022797
STA_ES1709A,0.112591575
STA_ES1886A,0.115945805
STA_ES1182A,0.123857746
STA_ES1711A,0.102861953
STA_ES1826A,0.130685542
STA_ES1185A,0.112084298
STA_ES1884A,0.109076342
STA_ES1917A,0.102935642
STA_ES2055A,0.131779985
STA_ES1239A,0.162434888
STA_ES1912A,0.142431511
STA_ES1926A,0.146574673
STA_ES2019A,0.100605536
STA_ES1631A,0.513549832
STA_ES1712A,0.24664832
STA_ES1244A,0.232157808
STA_ES0110A,0.225692272
STA_ES1418A,0.358146423
STA_ES1044A,0.199712852
STA_ES1047A,0.230329658
STA_ES1090A,0.173970075
STA_ES1641A,0.194595814
STA_ES1836A,0.185609559
STA_ES1837A,0.216419607
STA_ES2064A,0.196268921
STA-FR02043,0.262772062
STA-FR04012,0.387588258
STA-FR04018,0.170951402
STA-FR04055,0.205127353
STA-FR04058,0.360164071
STA-FR05083,0.190448576
STA-FR05084,0.166532767
STA-FR09404,0.252899163
STA-FR10034,0.261530126
STA-FR11034,0.238222731
STA-FR16069,0.271555904
STA-FR18043,0.079568228
STA-FR20069,0.314856426
STA-FR23140,0.200167796
STA-FR25053,0.28437048
STA-FR34028,0.151122873
STA-FR37007,0.416654132
STA-FR38023,0.226913563
STA-FR41059,0.51010085
STA-FR43099,0.35298509
STA-GR0002A,0.449743297
STA-GR0008A,0.53877551
STA-GR0020A,0.438115314
STA-GR0022A,0.476659865
STA-GR0029A,0.516459285
STA-GR0030A,0.853415061
STA-GR0031A,0.863400979
STA-GR0032A,0.86124228
STA-GR0046A,0.1
STA-GR0048A,0.581860784
STA-GR0410A,0.461055992
STA-GR0420A,0.440350609
STA-GR0440A,1.138881917
HR_DOC_TYPE_D_STA_RH0101,0.412673383
HR_DOC_TYPE_D_STA_RH0108,0.223648226
HR_DOC_TYPE_D_STA_RH0104,0.265539449
HR_DOC_TYPE_D_STA_RH0106,0.413494775
STA-HU0002R,0.294880245
STA-HU0022A,0.464741319
STA-HU0023A,0.435055588
STA-HU0024A,0.415991843
STA-HU0025A,0.512343319
STA-HU0026A,0.504772925
STA-HU0027A,0.572144839
STA-HU0028A,0.449752842
STA-HU0030A,0.544017484
STA-HU0031A,0.423073892
STA-HU0032A,0.46913245
STA-HU0033A,0.563931783
STA-HU0034A,0.431762828
STA-HU0035A,0.314115667
STA-HU0036A,0.417595875
STA-HU0037A,0.498659739
STA-HU0038A,0.531496654
STA-HU0039A,0.397464372
STA-HU0041A,0.560759053
STA-HU0042A,0.642212017
STA-HU0045A,0.564065273
STA-HU0057A,0.353970204
STA.IE.IE001BP,0.568770184
STA.IE.IE001CM,0.101774377
STA.IE.IE002CM,0.282341277
STA.IE.IE0098A,0.321109264
STA.IT0063A,0.233563931
STA.IT0459A,0.679532305
STA.IT0460A,0.521655606
STA.IT0469A,0.843650036
STA.IT0470A,0.953057831
STA.IT0477A,1.034527354
STA.IT0480A,0.914226147
STA.IT0592A,1.003899492
STA.IT0706A,0.759571439
STA.IT0707A,0.747697246
STA.IT0740A,0.695445593
STA.IT0761A,0.909592572
STA.IT0771A,0.806421341
STA.IT0776A,0.726278239
STA.IT0777A,0.759180028
STA.IT0778A,0.85376526
STA.IT0813A,0.194769174
STA.IT0832A,0.357477323
STA.IT0839A,0.717941951
STA.IT0846A,0.889507778
STA.IT0854A,0.578594456
STA.IT0861A,0.699879648
STA.IT0863A,0.215465898
STA.IT0867A,0.403817847
STA.IT0871A,0.376164093
STA.IT0885A,0.275421431
STA.IT0888A,0.369932511
STA.IT0895A,0.622756261
STA.IT0898A,0.709812635
STA.IT0906A,0.78537766
STA.IT0908A,0.753252409
STA.IT0945A,0.448868778
STA.IT0953A,0.37107342
STA.IT0983A,0.788391877
STA.IT0991A,0.485232915
STA.IT0997A,0.79294391
STA.IT1011A,0.644122161
STA.IT1016A,0.945088719
STA.IT1026A,0.383157764
STA.IT1044A,0.678642827
STA.IT1090A,0.404534742
STA.IT1104A,0.780368991
STA.IT1145A,0.676751119
STA.IT1153A,0.682199021
STA.IT1159A,0.766696082
STA.IT1190A,0.701127486
STA.IT1192A,0.698773617
STA.IT1193A,0.386954557
STA.IT1200A,0.613934426
STA.IT1215A,0.403605603
STA.IT1243A,0.255478726
STA.IT1251A,0.865784266
STA.IT1264A,0.556150089
STA.IT1269A,0.21800041
STA.IT1273A,0.146553085
STA.IT1286A,0.689232447
STA.IT1290A,0.872930627
STA.IT1309A,0.200584461
STA.IT1334A,0.32613974
STA.IT1336A,0.311997019
STA.IT1361A,0.777617951
STA.IT1397A,0.279308905
STA.IT1409A,0.473490498
STA.IT1420A,0.45992982
STA.IT1423A,0.386439044
STA.IT1427A,0.211721195
STA.IT1456A,0.69505775
STA.IT1459A,0.853043055
STA.IT1475A,0.280174171
STA.IT1487A,0.413309747
STA.IT1491A,0.594013915
STA.IT1493A,0.745719774
STA.IT1497A,0.361921621
STA.IT1504A,0.401320412
STA.IT1549A,0.522207007
STA.IT1552A,0.437048872
STA.IT1560A,0.466890514
STA.IT1576A,0.178167305
STA.IT1578A,0.752560961
STA.IT1583A,0.435166404
STA.IT1585A,0.276591896
STA.IT1588A,0.773109765
STA.IT1598A,0.314614537
STA.IT1606A,0.392113696
STA.IT1611A,0.408794643
STA.IT1618A,0.473372108
STA.IT1621A,0.392510278
STA.IT1658A,0.282486954
STA.IT1660A,0.396552275
STA.IT1674A,0.464553341
STA.IT1676A,0.577823549
STA.IT1698A,0.630419277
STA.IT1704A,0.318525267
STA.IT1718A,0.131404255
STA.IT1735A,0.744007282
STA.IT1740A,0.35101812
STA.IT1741A,0.318154105
STA.IT1742A,0.390579391
STA.IT1744A,0.292322963
STA.IT1746A,0.740252029
STA.IT1766A,0.433767167
STA.IT1773A,0.529347438
STA.IT1792A,0.840023863
STA.IT1795A,0.354379069
STA.IT1800A,0.573593959
STA.IT1804A,0.921202042
STA.IT1817A,0.355739506
STA.IT1827A,0.55
STA.IT1829A,0.439229422
STA.IT1837A,0.601220514
STA.IT1838A,0.408848929
STA.IT1847A,0.511226274
STA.IT1848A,0.270306243
STA.IT1850A,0.712896543
STA.IT1857A,0.474962707
STA.IT1859A,0.677439652
STA.IT1860A,0.687770862
STA.IT1862A,0.48476709
STA.IT1869A,0.791874542
STA.IT1880A,0.407983387
STA.IT1882A,0.588929026
STA.IT1886A,0.441713658
STA.IT1887A,0.745592384
STA.IT1888A,0.385745148
STA.IT1889A,0.172624359
STA.IT1890A,0.157647197
STA.IT1895A,0.334003527
STA.IT1897A,0.419684034
STA.IT1898A,0.252921442
STA.IT1899A,0.268808713
STA.IT1900A,0.430226199
STA.IT1901A,0.553233283
STA.IT1923A,0.608631072
STA.IT1932A,0.273231543
STA.IT1938A,0.794878451
STA.IT1940A,0.649175583
STA.IT1953A,0.433146081
STA.IT1977A,0.428624184
STA.IT1993A,0.272418608
STA.IT1997A,0.447924457
STA.IT2004A,0.347021851
STA.IT2005A,0.256509558
STA.IT2008A,0.281124797
STA.IT2009A,0.191063366
STA.IT2010A,0.207504403
STA.IT2011A,0.131419989
STA.IT2013A,0.378143922
STA.IT2019A,0.413358015
STA.IT2028A,0.800571735
STA.IT2031A,0.506368904
STA.IT2038A,0.329530301
STA.IT2039A,0.558483418
STA.IT2044A,0.318615477
STA.IT2056A,0.266842699
STA.IT2059A,0.20574644
STA.IT2061A,0.640413905
STA.IT2071A,0.447793461
STA.IT2072A,0.35032829
STA.IT2078A,0.861287504
STA.IT2087A,0.662250356
STA.IT2089A,0.723018453
STA.IT2093A,0.345214668
STA.IT2094A,0.493226704
STA.IT2110A,0.401795294
STA.IT2116A,0.467769354
STA.IT2118A,0.362199908
STA.IT2121A,0.50814407
STA.IT2134A,0.601335303
STA.IT2139A,0.29847551
STA.IT2144A,0.480839759
STA.IT2145A,0.43368932
STA.IT2146A,0.553089822
STA.IT2148A,0.323888487
STA.IT2152A,0.320703605
STA.IT2156A,0.683690987
STA.IT2161A,0.420337959
STA.IT2164A,0.381599572
STA.IT2165A,0.458318667
STA.IT2169A,0.270583347
STA.IT2170A,0.146281984
STA.IT2171A,0.34066682
STA.IT2174A,0.344147198
STA.IT2177A,0.504174926
STA.IT2184A,0.304002411
STA.IT2202A,0.352504409
STA.IT2203A,0.326098441
STA.IT2204A,0.220913941
STA.IT2205A,0.334033885
STA.IT2210A,0.405442006
STA.IT2211A,0.443985118
STA.IT2213A,0.479002689
STA.IT2214A,0.570378702
STA.IT2218A,0.352458802
STA.IT2219A,0.706449292
STA.IT2221A,0.412760991
STA.IT2222A,0.479281768
STA.IT2223A,0.43688264
STA.IT2224A,0.720340561
STA.IT2226A,0.539827543
STA.IT2227A,0.554069912
STA.IT2229A,0.442016298
STA.IT2231A,0.407709469
STA.IT2245A,0.332139066
STA.IT2250A,0.440531692
STA.IT2261A,0.531122815
STA.IT2269A,0.408327869
STA.IT2271A,0.522388638
STA.IT2273A,0.468206687
STA.IT2274A,0.285338608
STA.IT2277A,0.272360089
STA.IT2278A,0.516000464
STA.IT2289A,0.754818012
STA.IT2290A,0.219789127
STA.IT2291A,0.60080633
STA-LT00001,0.330467056
STA-LT00003,0.280587734
STA-LT00004,0.251372183
STA-LT00012,0.248195319
STA-LT00022,0.260319211
STA-LT00031,0.207271628
STA-LT00033,0.243805821
STA-LT00041,0.267605773
STA-LT00044,0.209566631
STA-LU0101A,0.220521498
STA-LU0102A,0.215437999
STA-LU0109A,0.202729242
STA-LV000L1,0.271307539
STA-ME0001A,0.720100869
STA-ME0009A,0.452864753
STA-ME0011A,0.962942492
STA-ME0013A,0.644990599
STA-ME0014A,0.283353263
STA-MK0030A,0.427682173
STA-MK0031A,1.22807368
STA-MK0034A,0.437248907
STA-MK0035A,0.510252855
STA-MK0036A,0.483513091
STA-MK0037A,0.658681415
STA-MK0038A,0.364476148
STA-MK0040A,0.576037125
STA-MK0041A,0.584978382
STA-MK0043A,0.691645067
STA-MK0044A,0.81794263
STA-MK0045A,0.391918802
STA-MT00005,0.317732247
STA-MT00007,0.152159184
STA-NL00007,0.412269453
STA-NL00012,0.342745251
STA-NL00014,0.296085234
STA-NL00551,0.247852754
STA-NL00553,0.318763359
STA-NL00561,0.342673099
STA-NL00644,0.236019064
STA-NL00741,0.309428775
STA_NO0011A,0.24653055
STA_PL0012A,0.707443045
STA_PL0014A,0.281563671
STA_PL0031A,0.248871246
STA_PL0039A,0.370343767
STA_PL0045A,0.304238817
STA_PL0047A,0.305721763
STA_PL0048A,0.292930043
STA_PL0050A,0.281691461
STA_PL0052A,0.330164021
STA_PL0064A,0.412709042
STA_PL0072A,0.291103065
STA_PL0077A,0.256384036
STA_PL0115A,0.454830576
STA_PL0126A,0.463014646
STA_PL0136A,0.33884439
STA_PL0138A,0.376281062
STA_PL0140A,0.518470588
STA_PL0148A,0.327354743
STA_PL0175A,0.345592676
STA_PL0184A,0.3492363
STA_PL0190A,0.423769027
STA_PL0192A,0.366778419
STA_PL0194A,0.344327697
STA_PL0197A,0.586490388
STA_PL0205A,0.440496049
STA_PL0209A,0.348454819
STA_PL0212A,0.355092408
STA_PL0213A,0.330929664
STA_PL0218A,0.336125238
STA_PL0237A,0.35922474
STA_PL0239A,0.463971553
STA_PL0241A,0.439438543
STA_PL0242A,0.370493846
STA_PL0244A,0.410563534
STA_PL0245A,0.403911911
STA_PL0249A,0.266443107
STA_PL0252A,0.407280724
STA_PL0276A,0.310156562
STA_PL0295A,0.308761636
STA_PL0312A,0.325683021
STA_PL0468A,0.324027806
STA_PL0495A,0.289683494
STA_PL0503A,0.295464401
STA_PL0507A,0.350043418
STA_PL0509A,0.457943605
STA_PL0526A,0.479135892
STA_PL0539A,0.385110001
STA_PL0543A,0.470441712
STA_PL0544A,0.466948433
STA_PL0552A,0.37518865
STA_PL0559A,0.276123455
STA_PL0560A,0.375593073
STA_PL0567A,0.454294116
STA_PL0574A,0.236394308
STA_PL0575A,0.278619289
STA_PL0580A,0.478247242
STA_PL0585A,0.388485213
STA_PL0591A,0.218596806
STA_PL0635A,0.483250965
STA_PL0647A,0.551661849
STA_PL0682A,0.296256497
STA_PL0684A,0.405545054
STA_PL0700A,0.250076534
STA_PL0704A,0.575279894
STA_PL0705A,0.466960952
STA_PL0724A,0.509270148
STA_PL0736A,0.436909019
STA_PL0747A,0.423429913
STA-PT01028,0.554892975
STA-PT01030,0.606632136
STA-PT02006,0.184635068
STA-PT02017,0.237784882
STA-PT03071,0.259080341
STA-PT03072,0.294025281
STA-PT03075,0.272876652
STA-PT03082,0.136052003
STA-PT03083,0.250537325
STA-PT03093,0.233809584
STA-PT03094,0.220819853
STA-PT03097,1.62599999
STA-PT03100,0.280105876
STA-PT05011,0.288172178
STA-PT06004,0.120084701
STA-RO0008R,0.09743295
STA-RO0009R,0.044626674
STA-RO0010R,0.069451432
STA-RO0065A,0.564179014
STA-RO0069A,0.659660874
STA-RO0073A,0.207250717
STA-RO0074A,0.191973733
STA-RO0077A,0.215134979
STA-RO0078A,0.318704972
STA-RO0079A,0.269037317
STA-RO0087A,0.087623049
STA-RO0093A,0.282143151
STA-RO0105A,0.057685752
STA-RO0114A,0.087558012
STA-RO0115A,0.099544559
STA-RO0127A,0.524117164
STA-RO0133A,0.321866433
STA-RO0134A,0.1079014
STA-RO0139A,0.205261795
STA-RO0140A,0.199503255
STA-RO0142A,0.111305846
STA-RO0160A,0.199778929
STA-RO0166A,0.28402801
STA-RO0170A,0.412150901
STA-RO0172A,0.183693118
STA-RO0213A,0.749245143
STA-RO0214A,0.684532755
STA-RS0028A,0.559805825
STA-RS0029A,0.436590331
STA-RS0031A,0.273316665
STA-RS0032A,0.391984566
STA-RS0033A,0.650544445
STA-RS0034A,0.391984566
STA-RS0035A,0.478640978
STA-RS0036A,0.435301624
STA-RS0038A,0.37604904
STA-RS0039A,0.507409889
STA-RS0041A,0.845703079
STA-RS0042A,0.342816803
STA-RS0044A,0.990719888
STA-RS0045A,0.572154841
STA-RS0046A,0.828380885
STA-RS0048A,1.061395618
STA-SE0027A,0.443171569
STA-SE0058A,0.255193375
STA-SE0094A,0.279746451
STA-SE18640,0.385885989
STA-SE18641,0.453126574
STA-SI0002A,0.441849747
STA-SI0003A,0.350030971
STA-SI0032R,0.149748523
STA-SI0054A,0.474755304
STA-SK0002A,0.317624994
STA-SK0008A,0.754178849
STA-SK0018A,0.442394699
STA-SK0020A,0.315664368
STA-SK0039A,0.634180798
STA-SK0045A,0.376934531
STA-SK0047A,0.580769183
STA-SK0075A,0.430469561
STA-SK0076A,0.322061225
STA-SK0214A,0.737899384
STA-SK0265A,0.432367422
STA-SK0266A,0.4138806
STA-SK0267A,0.440439807
STA-SK0269A,0.594736084
STA-SK0407A,0.671411794
STA-TR010341,0.444174746
STA-TR010441,0.247472384
STA-TR030441,0.39223632
STA-TR040241,0.718777566
STA-TR040341,0.717912072
STA-TR050431,0.789965312
STA-TR060141,0.539543514
STA-TR0601721,1.093247693
STA-TR0601941,0.85130337
STA-TR060831,0.688745059
STA-TR061141,0.587331444
STA-TR061241,0.610412611
STA-TR061341,1.185500522
STA-TR061421,0.663680207
STA-TR061541,0.41438407
STA-TR061622,0.579501948
STA-TR061842,0.618716206
STA-TR070741,0.525317664
STA-TR100531,0.964171975
STA-TR140331,0.905547245
STA-TR140441,0.543387463
STA-TR150141,0.727510192
STA-TR160231,1.14130274
STA-TR170541,0.492039574
STA-TR180141,0.450888743
STA-TR190231,1.266936244
STA-TR240231,1.030352199
STA-TR250241,0.622335526
STA-TR250311,0.339096312
STA-TR250531,0.972587038
STA-TR260231,0.672750118
STA-TR260322,0.316791508
STA-TR260441,0.466386632
STA-TR260541,0.508578703
STA-TR280241,1.085024451
STA-TR310222,0.851986324
STA-TR310541,1.14634504
STA-TR320341,0.605256327
STA-TR330841,0.907762711
STA-TR340141,0.59791072
STA-TR340411,0.556741879
STA-TR340531,0.808803914
STA-TR341031,0.930699508
STA-TR341131,0.783363856
STA-TR341231,0.742579765
STA-TR341431,0.511482702
STA-TR341541,0.586049689
STA-TR341641,0.383951289
STA-TR341841,0.630026538
STA-TR341931,0.977080059
STA-TR342041,0.667150414
STA-TR342141,0.714291364
STA-TR342341,0.546234866
STA-TR342741,0.797625661
STA-TR342841,0.28001799
STA-TR342931,0.726961253
STA-TR343041,0.491559696
STA-TR343241,0.501490018
STA-TR343611,0.323599526
STA-TR343741,0.645975123
STA-TR343841,0.600270474
STA-TR343941,0.39223632
STA-TR350541,0.296171615
STA-TR350741,0.27237218
STA-TR360141,0.463251213
STA-TR360231,0.474461136
STA-TR370141,0.556467129
STA-TR380131,0.71440515
STA-TR380321,0.688461458
STA-TR380431,0.759720616
STA-TR400141,0.466113972
STA-TR410221,0.757525175
STA-TR410831,1.09817157
STA-TR420141,0.911183449
STA-TR420341,0.655515236
STA-TR420441,0.761274862
STA-TR421341,0.6126935
STA-TR430131,1.515693531
STA-TR430241,1.361378912
STA-TR430341,0.595637215
STA-TR430441,0.556490422
STA-TR450241,1.577173883
STA-TR460241,1.849293636
STA-TR500341,0.45356883
STA-TR510341,0.380270727
STA-TR520341,0.761856009
STA-TR540231,1.285861092
STA-TR550521,1.58123984
STA-TR550631,0.560907361
STA-TR580231,1.522322198
STA-TR590231,0.693893721
STA-TR590341,0.254701547
STA-TR600331,0.930210246
STA-TR610341,0.658248248
STA-TR610431,0.445825949
STA-TR610541,0.692614463
STA-TR660141,0.41652405
STA-TR660241,0.436317888
STA-TR670241,0.53077678
STA-TR670322,0.61000286
STA-TR670441,0.36302872
STA-TR670541,0.506147982
STA-TR670831,0.59474887
STA-TR680241,0.38280245
STA-TR700141,0.43312782
STA-TR710141,0.512098966
STA-TR710231,0.71771298
STA-TR740141,0.574160777
STA-TR780121,0.584736062
STA-TR780341,0.786903289
STA-TR780521,0.81588636
STA-TR790141,0.540351154
STA-TR810141,0.634988497
STA-TR810231,0.809734155
STA-XK0001A,1.903536828
STA-XK0002A,1.442817281
STA-XK0003A,0.344484136
STA-XK0004A,0.369676572
STA-XK0005A,0.562266635
STA-XK0006A,0.445983966
STA-XK0007A,0.287733087
STA-XK0008A,0.225333527
STA-XK0009A,0.529463585
STA-XK0010A,0.253918605
STA-XK0011A,1.559171535
STA-XK0012A,1.27062353
