idx,AirQualityStation,img_path,s5p_path,Countrycode,Altitude,PopulationDensity,rural,suburban,urban,traffic,industrial,background,no2,o3,co,so2,pm10
3,STA-BETR701,STA-BETR701/S2A_MSIL2A_20200530T105031_N0214_R051_T31UES_20200530T134211.npy,STA-BETR701/l3_mean_europe_2018_2020_005dg.netcdf,BE,5,594.5,0,0,1,0,0,1,25.7485669,43.681846,0.254487421,0.897979561,29.23334858
28,STA.DE_DEHB005,STA.DE_DEHB005/S2B_MSIL2A_20201225T103339_N0214_R108_T32UME_20201225T121034.npy,STA.DE_DEHB005/l3_mean_europe_2018_2020_005dg.netcdf,DE,3,1399.1,0,0,1,0,0,1,19.48109773,49.61195682,0.173301842,2.039644661,18.6423517
38,STA-SI0054A,STA-SI0054A/S2A_MSIL2A_20200912T100031_N0214_R122_T33TWM_20200912T114911.npy,STA-SI0054A/l3_mean_europe_2018_2020_005dg.netcdf,SI,250,118.3,0,1,0,0,0,1,16.19827962,43.78955899,0.440238036,4.749046997,26.8767507
42,STA-RO0192A,STA-RO0192A/S2A_MSIL2A_20200828T090601_N0214_R050_T35TLJ_20200828T114933.npy,STA-RO0192A/l3_mean_europe_2018_2020_005dg.netcdf,RO,31,59.5,0,0,1,0,1,0,12.511371,57.0583273,0.5347552,5.59947419,21.33249267
45,STA_ES1353A,STA_ES1353A/S2B_MSIL2A_20200623T112119_N0214_R037_T29TQJ_20200623T143258.npy,STA_ES1353A/l3_mean_europe_2018_2020_005dg.netcdf,ES,216,97,0,0,1,0,0,1,17.7068906,48.92596431,0.415467975,7.444815284,23.74047315
52,STA-RO0150A,STA-RO0150A/S2B_MSIL2A_20200905T092029_N0214_R093_T34TFQ_20200905T113748.npy,STA-RO0150A/l3_mean_europe_2018_2020_005dg.netcdf,RO,203,57.3,0,0,1,0,1,0,15.13135781,43.5892287,0.357218566,12.58804183,26.51944903
55,STA_PL0241A,STA_PL0241A/S2A_MSIL2A_20200919T095031_N0214_R079_T33UYR_20200919T115531.npy,STA_PL0241A/l3_mean_europe_2018_2020_005dg.netcdf,PL,271,471.2,0,0,1,0,0,1,21.06331048,50.33767624,0.497118273,12.33503513,47.93407204
61,STA_ES1649A,STA_ES1649A/S2B_MSIL2A_20200717T105619_N0214_R094_T30TXM_20200717T135336.npy,STA_ES1649A/l3_mean_europe_2018_2020_005dg.netcdf,ES,350,62.3,1,0,0,0,1,0,7.897802449,66.27975092,0.419419956,3.537148127,19.0447353
62,STA_ES2075A,STA_ES2075A/S2B_MSIL2A_20200623T112119_N0214_R037_T29TQJ_20200623T143258.npy,STA_ES2075A/l3_mean_europe_2018_2020_005dg.netcdf,ES,89,97,0,1,0,0,1,0,13.89432067,37.34781604,0.479468454,8.432570566,19.91716479
86,STA-RO0181A,STA-RO0181A/S2B_MSIL2A_20200710T093039_N0214_R136_T34TFT_20200710T120649.npy,STA-RO0181A/l3_mean_europe_2018_2020_005dg.netcdf,RO,275,55.2,0,0,1,0,1,0,14.72810561,54.99727391,0.191274852,7.591999214,21.92993808
88,STA.DE_DEHE042,STA.DE_DEHE042/S2A_MSIL2A_20200921T103031_N0214_R108_T32UMB_20200921T151006.npy,STA.DE_DEHE042/l3_mean_europe_2018_2020_005dg.netcdf,DE,172,314.1,1,0,0,0,0,1,16.35792423,51.14620349,0.180784469,2.846333256,14.54200986
91,STA-RO0107A,STA-RO0107A/S2B_MSIL2A_20200918T093039_N0214_R136_T34TET_20200918T120935.npy,STA-RO0107A/l3_mean_europe_2018_2020_005dg.netcdf,RO,139,75,0,0,1,0,0,1,25.9775794,52.06740895,0.186220078,9.646157925,19.96440129
93,STA_PL0048A,STA_PL0048A/S2A_MSIL2A_20200601T095041_N0214_R079_T34UCF_20200601T112207.npy,STA_PL0048A/l3_mean_europe_2018_2020_005dg.netcdf,PL,70,1857,0,0,1,0,0,1,10.86384468,55.01717923,0.374105016,3.598339632,19.01213279
101,STA_ES1563A,STA_ES1563A/S2A_MSIL2A_20200910T105631_N0214_R094_T30TVK_20200910T135152.npy,STA_ES1563A/l3_mean_europe_2018_2020_005dg.netcdf,ES,589,827.3,0,0,1,1,0,0,28.30869465,56.46038519,0.47141213,1.96217276,18.88680332
106,STA-FR30019,STA-FR30019/S2A_MSIL2A_20200623T103031_N0214_R108_T32ULU_20200623T142851.npy,STA-FR30019/l3_mean_europe_2018_2020_005dg.netcdf,FR,325,61.7,0,0,1,0,0,1,13.29782608,52.40777356,0.195250293,0.529922824,14.12906976
109,STA.IT0839A,STA.IT0839A/S2A_MSIL2A_20190914T102021_N0213_R065_T32TNR_20190914T140933.npy,STA.IT0839A/l3_mean_europe_2018_2020_005dg.netcdf,IT,79,205.7,0,1,0,0,0,1,25.82496376,48.88994349,0.715386613,3.13166967,33.35359112
114,STA-RO0075A,STA-RO0075A/S2B_MSIL2A_20200829T093039_N0214_R136_T34TFS_20200829T115846.npy,STA-RO0075A/l3_mean_europe_2018_2020_005dg.netcdf,RO,350,106.4,0,1,0,0,0,1,38.56147381,22.84784478,0.181065954,11.40793522,27.62620879
117,STA.IT1423A,STA.IT1423A/S2A_MSIL2A_20200803T100031_N0214_R122_T33TVH_20200803T114800.npy,STA.IT1423A/l3_mean_europe_2018_2020_005dg.netcdf,IT,4,259.7,0,0,1,0,0,1,12.51997717,21.62248858,0.254825342,0.600913242,25.72054795
120,STA-LT00044,STA-LT00044/S2A_MSIL2A_20200807T094041_N0214_R036_T34UFF_20200807T110442.npy,STA-LT00044/l3_mean_europe_2018_2020_005dg.netcdf,LT,73,71.8,0,0,1,0,0,1,12.70740412,49.05642061,0.263051727,4.258125902,22.58247153
126,STA.IT0459A,STA.IT0459A/S2B_MSIL2A_20200729T100029_N0214_R122_T33TUJ_20200729T134154.npy,STA.IT0459A/l3_mean_europe_2018_2020_005dg.netcdf,IT,15,240.8,0,1,0,0,0,1,29.44777482,42.90567812,0.549202845,4.730155688,25.68135633
127,STA.IT1871A,STA.IT1871A/S2B_MSIL2A_20200821T100559_N0214_R022_T32TQR_20200821T130423.npy,STA.IT1871A/l3_mean_europe_2018_2020_005dg.netcdf,IT,12,445.9,0,1,0,0,1,0,23.16912488,56.00069648,0.463929619,5.413793103,31.98882682
132,STA_ES1549A,STA_ES1549A/S2A_MSIL2A_20200719T105031_N0214_R051_T30SWF_20200719T134605.npy,STA_ES1549A/l3_mean_europe_2018_2020_005dg.netcdf,ES,97,80.3,0,0,1,0,0,1,16.94382022,63.66288361,0.359584488,4.091506335,29.97745051
138,STA-RS0031A,STA-RS0031A/S2B_MSIL2A_20200921T094039_N0214_R036_T34TCR_20200921T120812.npy,STA-RS0031A/l3_mean_europe_2018_2020_005dg.netcdf,RS,81,157.4,0,0,1,0,0,1,16.37831231,55.77512715,0.331933734,8.026105357,30.02726305
139,STA_ES1910A,STA_ES1910A/S2B_MSIL2A_20200820T103629_N0214_R008_T31TDF_20200820T133254.npy,STA_ES1910A/l3_mean_europe_2018_2020_005dg.netcdf,ES,25,718.7,0,1,0,0,0,1,14.84634965,57.01894421,0.229040039,2.209571148,17.75988024
157,STA.DE_DEMV004,STA.DE_DEMV004/S2B_MSIL2A_20200807T102559_N0214_R108_T32UPE_20200807T122941.npy,STA.DE_DEMV004/l3_mean_europe_2018_2020_005dg.netcdf,DE,17,63.6,1,0,0,0,0,1,6.591002029,59.14277534,0.193318772,2.04233353,16.93855819
158,STA.DE_DESL003,STA.DE_DESL003/S2B_MSIL2A_20200422T103619_N0214_R008_T32ULV_20200422T140230.npy,STA.DE_DESL003/l3_mean_europe_2018_2020_005dg.netcdf,DE,185,426.9,0,0,1,0,1,0,17.45673258,50.63960399,0.393887835,5.045942745,17.29140571
184,STA.IT1427A,STA.IT1427A/S2A_MSIL2A_20200905T101031_N0214_R022_T32TNK_20200905T130252.npy,STA.IT1427A/l3_mean_europe_2018_2020_005dg.netcdf,IT,511,39.3,0,0,1,0,0,1,16.55624768,47.31128437,0.225463456,0.782197599,18.62026759
185,STA_PL0209A,STA_PL0209A/S2A_MSIL2A_20200816T101031_N0214_R022_T33UWU_20200816T130108.npy,STA_PL0209A/l3_mean_europe_2018_2020_005dg.netcdf,PL,22,63.4,0,0,1,0,0,1,21.98368373,44.42885138,0.327604214,3.95887281,26.736645
196,STA.IT0706A,STA.IT0706A/S2A_MSIL2A_20190914T102021_N0213_R065_T32TNR_20190914T140933.npy,STA.IT0706A/l3_mean_europe_2018_2020_005dg.netcdf,IT,123,2078.5,0,0,1,0,0,1,33.92225079,46.61347584,0.681078764,3.275200906,32.11994305
197,STA-PT03071,STA-PT03071/S2A_MSIL2A_20200830T113321_N0214_R080_T29SMC_20200830T142737.npy,STA-PT03071/l3_mean_europe_2018_2020_005dg.netcdf,PT,32,1010.7,0,0,1,0,0,1,30.43117695,53.38159369,0.280077241,1.080362502,18.4438388
227,STA.06.170,STA.06.170/S2B_MSIL2A_20200108T095309_N0213_R079_T33TWN_20200108T111854.npy,STA.06.170/l3_mean_europe_2018_2020_005dg.netcdf,AT,345,367.6,0,0,1,0,0,1,27.82501221,39.09005951,0.379158355,1.329059103,26.09450554
238,STA_ES1922A,STA_ES1922A/S2B_MSIL2A_20200720T110619_N0214_R137_T30TUM_20200720T131521.npy,STA_ES1922A/l3_mean_europe_2018_2020_005dg.netcdf,ES,953,20.1,0,0,1,1,0,0,6.02427692,58.6355453,0.322139215,2.518925234,16.19018262
240,STA.IT2205A,STA.IT2205A/S2A_MSIL2A_20200830T095031_N0214_R079_T33TWE_20200830T115423.npy,STA.IT2205A/l3_mean_europe_2018_2020_005dg.netcdf,IT,690,55.9,1,0,0,0,1,0,3.105409929,79.34883479,0.350454869,5.408803735,16.69051282
243,STA.IT1773A,STA.IT1773A/S2B_MSIL2A_20200729T100029_N0214_R122_T33TUJ_20200729T134154.npy,STA.IT1773A/l3_mean_europe_2018_2020_005dg.netcdf,IT,550,240.8,1,0,0,0,0,1,5.720253647,77.31921479,0.35778361,3.112593212,20.01702376
249,STA.04.S416,STA.04.S416/S2A_MSIL2A_20200408T101021_N0214_R022_T33UVP_20200408T161405.npy,STA.04.S416/l3_mean_europe_2018_2020_005dg.netcdf,AT,265,346.7,0,0,1,0,0,1,29.0068135,44.19906917,0.301634251,4.01826559,21.93956044
251,STA_ES1662A,STA_ES1662A/S2A_MSIL2A_20200910T105631_N0214_R094_T30TWM_20200910T135152.npy,STA_ES1662A/l3_mean_europe_2018_2020_005dg.netcdf,ES,460,62.5,1,0,0,0,1,0,5.330524128,67.61937197,0.401502347,5.132676639,14.43459185
260,STA_ES1253A,STA_ES1253A/S2B_MSIL2A_20200826T105619_N0214_R094_T30SVH_20200826T134940.npy,STA_ES1253A/l3_mean_europe_2018_2020_005dg.netcdf,ES,368,47.5,0,0,1,0,1,0,16.4098878,53.64745605,0.111826751,5.643014493,28.52641509
267,STA-BG0070A,STA-BG0070A/S2A_MSIL2A_20200831T092031_N0214_R093_T34TFN_20200831T122905.npy,STA-BG0070A/l3_mean_europe_2018_2020_005dg.netcdf,BG,1321,1015.9,1,0,0,0,0,1,5.339077779,79.22997349,0.332410781,7.558760505,16.90568965
285,STA_ES1239A,STA_ES1239A/S2B_MSIL2A_20200215T105029_N0214_R051_T30SYJ_20200215T141800.npy,STA_ES1239A/l3_mean_europe_2018_2020_005dg.netcdf,ES,11,236,0,0,1,1,0,0,35.72835715,44.82789467,0.14633778,4.101014869,3
286,STA-ME0009A,STA-ME0009A/S2B_MSIL2A_20201031T094139_N0214_R036_T34TCN_20201031T123521.npy,STA-ME0009A/l3_mean_europe_2018_2020_005dg.netcdf,ME,629,45.7,0,0,1,0,0,1,16.06074194,54.99929493,0.667842999,4.374708748,41.249375
294,STA_ES1640A,STA_ES1640A/S2B_MSIL2A_20201227T111359_N0214_R137_T30STG_20201227T131730.npy,STA_ES1640A/l3_mean_europe_2018_2020_005dg.netcdf,ES,68,140.3,0,0,1,0,0,1,17.13721683,35,0.39442113,4.874642857,21.77118644
297,STA_PL0138A,STA_PL0138A/S2B_MSIL2A_20200726T095029_N0214_R079_T34UEB_20200726T123818.npy,STA_PL0138A/l3_mean_europe_2018_2020_005dg.netcdf,PL,159,106.3,0,0,1,0,0,1,23.16863755,43.87954841,0.424504584,2.95897396,38.04795793
304,STA-RO0099A,STA-RO0099A/S2B_MSIL2A_20200428T092029_N0214_R093_T34TGQ_20200428T122503.npy,STA-RO0099A/l3_mean_europe_2018_2020_005dg.netcdf,RO,278,86,0,0,1,0,0,1,20.02975546,43.83129147,0.299046685,5.748202167,16.99901695
332,STA-CH0013A,STA-CH0013A/S2A_MSIL2A_20200531T102031_N0214_R065_T32TMT_20200531T134031.npy,STA-CH0013A/l3_mean_europe_2018_2020_005dg.netcdf,CH,445,914.5,0,0,1,1,0,0,28.48426229,51.38145055,0.309447697,1.155891079,17.98547989
340,STA-RO0206A,STA-RO0206A/S2A_MSIL2A_20200828T090601_N0214_R050_T35TNL_20200828T114933.npy,STA-RO0206A/l3_mean_europe_2018_2020_005dg.netcdf,RO,52,67,1,0,0,0,0,1,12.72510233,45.87564759,0.168509013,7.535241882,20.17094955
342,STA_ES1270A,STA_ES1270A/S2B_MSIL2A_20200623T112119_N0214_R037_T29TQJ_20200623T143258.npy,STA_ES1270A/l3_mean_europe_2018_2020_005dg.netcdf,ES,18,97,0,0,1,1,0,0,28.97003788,44.6833644,0.506947574,4.210964039,25.33162373
350,STA-RO0165A,STA-RO0165A/S2B_MSIL2A_20200710T093039_N0214_R136_T34TFT_20200710T120649.npy,STA-RO0165A/l3_mean_europe_2018_2020_005dg.netcdf,RO,290,73.5,0,0,1,0,1,0,8.799877981,51.68351056,0.259754749,5.563731448,18.2629885
354,STA.DE_DEST015,STA.DE_DEST015/S2B_MSIL2A_20200811T100559_N0214_R022_T32UQC_20200811T133733.npy,STA.DE_DEST015/l3_mean_europe_2018_2020_005dg.netcdf,DE,75,113.2,0,1,0,0,1,0,14.51443396,56.98673713,0.239156724,4.355690826,18.74461124
357,STA_ES1927A,STA_ES1927A/S2B_MSIL2A_20200703T112119_N0214_R037_T30TTL_20200703T140926.npy,STA_ES1927A/l3_mean_europe_2018_2020_005dg.netcdf,ES,720,16.8,0,0,1,1,0,0,5.806229169,64.15435007,0.479873689,2.076798893,13.52186959
360,STA.CZ_TSTD,STA.CZ_TSTD/S2A_MSIL2A_20200919T095031_N0214_R079_T33UYR_20200919T115531.npy,STA.CZ_TSTD/l3_mean_europe_2018_2020_005dg.netcdf,CZ,231,226.7,1,0,0,0,0,1,15.93652759,51.40425373,0.299142072,7.45435533,31.82564043
392,STA-EE0022A,STA-EE0022A/S2B_MSIL2A_20200809T093039_N0214_R136_T35VNF_20200809T112625.npy,STA-EE0022A/l3_mean_europe_2018_2020_005dg.netcdf,EE,25,41.1,0,0,1,0,0,1,8.396082258,55.42866242,0.209585439,0.998859992,12.91
394,STA.10.VOR1,STA.10.VOR1/S2A_MSIL2A_20200707T101031_N0214_R022_T33TUM_20200707T135316.npy,STA.10.VOR1/l3_mean_europe_2018_2020_005dg.netcdf,AT,1010,30.6,1,0,0,0,0,1,2.472240898,72.07044561,0.177350249,0.297500579,7.818128277
397,STA-RO0187A,STA-RO0187A/S2A_MSIL2A_20200702T092031_N0214_R093_T34TGS_20200702T114806.npy,STA-RO0187A/l3_mean_europe_2018_2020_005dg.netcdf,RO,320,74.1,0,0,1,0,1,0,20.51369396,43.50184442,0.191308032,8.764665308,22.41624657
401,STA-RO0087A,STA-RO0087A/S2B_MSIL2A_20200813T090559_N0214_R050_T35TNN_20200813T120227.npy,STA-RO0087A/l3_mean_europe_2018_2020_005dg.netcdf,RO,49,146.8,0,1,0,0,0,1,17.02053451,49.10366209,0.126561184,4.38838192,31.21984568
405,STA_PL0503A,STA_PL0503A/S2B_MSIL2A_20200328T095029_N0214_R079_T33UYT_20200328T122832.npy,STA_PL0503A/l3_mean_europe_2018_2020_005dg.netcdf,PL,132,115.6,0,0,1,0,0,1,18.17714835,56.41660212,0.368339528,7.764961297,30.04369146
415,STA-NL00644,STA-NL00644/S2B_MSIL2A_20200922T104649_N0214_R051_T31UFT_20200927T135033.npy,STA-NL00644/l3_mean_europe_2018_2020_005dg.netcdf,NL,1,926.1,1,0,0,0,0,1,17.19943947,47.55189452,0.229135675,1.760555554,20.13008834
422,STA-BG0051A,STA-BG0051A/S2A_MSIL2A_20200131T091231_N0213_R050_T35TLG_20200131T104603.npy,STA-BG0051A/l3_mean_europe_2018_2020_005dg.netcdf,BG,166,113.3,0,0,1,0,0,1,21.75190429,41.7267171,0.415404868,19.11733559,38.96644628
438,STA-BETWOL1,STA-BETWOL1/S2A_MSIL2A_20200530T105031_N0214_R051_T31UES_20200530T134211.npy,STA-BETWOL1/l3_mean_europe_2018_2020_005dg.netcdf,BE,78,7471.5,0,1,0,1,0,0,30.52169446,36.19885886,0.243821019,1.191653179,18.50415813
445,STA.IT0885A,STA.IT0885A/S2A_MSIL2A_20200813T100031_N0214_R122_T32TQM_20200813T113828.npy,STA.IT0885A/l3_mean_europe_2018_2020_005dg.netcdf,IT,26,823.7,0,0,1,0,0,1,19.64495154,60.33102253,0.286605269,1.817325054,18.43965517
464,STA_PL0077A,STA_PL0077A/S2A_MSIL2A_20200912T100031_N0214_R122_T33UXV_20200912T114911.npy,STA_PL0077A/l3_mean_europe_2018_2020_005dg.netcdf,PL,121,56.8,1,0,0,0,0,1,5.183876875,55.62095285,0.299477295,3.218285566,19.83321986
465,STA-CH0011A,STA-CH0011A/S2A_MSIL2A_20200819T102031_N0214_R065_T32TMS_20200819T131359.npy,STA-CH0011A/l3_mean_europe_2018_2020_005dg.netcdf,CH,280,129.4,0,0,1,0,0,1,24.78121201,57.43556491,0.304086139,1.40356516,16.90678904
469,STA_ES0201A,STA_ES0201A/S2A_MSIL2A_20200519T112121_N0214_R037_T29TNJ_20200519T141241.npy,STA_ES0201A/l3_mean_europe_2018_2020_005dg.netcdf,ES,362,142.1,0,1,0,0,1,0,4.574973539,60.43845348,0.317380647,3.846986269,9.485724215
471,STA_ES2030A,STA_ES2030A/S2A_MSIL2A_20200821T105631_N0214_R094_T30SUF_20200821T135313.npy,STA_ES2030A/l3_mean_europe_2018_2020_005dg.netcdf,ES,39,228,0,0,1,1,0,0,27.44198207,54.24417591,0.543,4.958318187,33.8647436
474,STA-MT00005,STA-MT00005/S2B_MSIL2A_20200616T095029_N0214_R079_T33SVV_20200616T124447.npy,STA-MT00005/l3_mean_europe_2018_2020_005dg.netcdf,MT,2,1843.2,0,0,1,1,0,0,34.61846604,56.85801767,0.392420678,0.75652,43.08176795
500,STA.01.0001,STA.01.0001/S2A_MSIL2A_20200422T095031_N0214_R079_T33UXP_20200422T142128.npy,STA.01.0001/l3_mean_europe_2018_2020_005dg.netcdf,AT,160,96.9,0,1,0,0,0,1,17.02757052,60.42325051,0.264921781,2.315567393,23.47485678
513,STA-HU0035A,STA-HU0035A/S2A_MSIL2A_20201118T095311_N0214_R079_T33TXN_20201118T115530.npy,STA-HU0035A/l3_mean_europe_2018_2020_005dg.netcdf,HU,241,111.9,0,0,1,0,0,1,15.24306621,55.32983259,0.301561872,3.556843072,19.54972376
527,STA.CZ_JKOS,STA.CZ_JKOS/S2B_MSIL2A_20200828T100029_N0214_R122_T33UWQ_20200828T120923.npy,STA.CZ_JKOS/l3_mean_europe_2018_2020_005dg.netcdf,CZ,535,76.3,1,0,0,0,0,1,4.700899109,69.85265957,0.264704493,1.473203719,22.78532196
551,STA-RO0176A,STA-RO0176A/S2B_MSIL2A_20200823T090559_N0214_R050_T35TMK_20200823T110634.npy,STA-RO0176A/l3_mean_europe_2018_2020_005dg.netcdf,RO,160,154.2,0,0,1,0,0,1,31.13387047,41.32007597,0.222299677,12.4711474,27.06058219
560,STA_ES1913A,STA_ES1913A/S2A_MSIL2A_20200719T105031_N0214_R051_T30SXH_20200719T134605.npy,STA_ES1913A/l3_mean_europe_2018_2020_005dg.netcdf,ES,642,321.5,1,0,0,0,0,1,2.985289201,67.89991806,0.115277778,3.689595576,12.56739812
561,STA.IT2291A,STA.IT2291A/S2A_MSIL2A_20200830T095031_N0214_R079_T33TWF_20200830T115423.npy,STA.IT2291A/l3_mean_europe_2018_2020_005dg.netcdf,IT,690,57.4,1,0,0,0,1,0,6.755483868,82.05099785,0.288375471,3.716604681,17.02324675
570,STA_ES1921A,STA_ES1921A/S2B_MSIL2A_20200813T104629_N0214_R051_T30SXG_20200813T140017.npy,STA_ES1921A/l3_mean_europe_2018_2020_005dg.netcdf,ES,10,131.1,0,0,1,0,0,1,19.47286523,66.81701686,0.306409781,4.756737589,21.85544362
574,STA-HU0036A,STA-HU0036A/S2B_MSIL2A_20200407T095029_N0214_R079_T33TYN_20200407T123458.npy,STA-HU0036A/l3_mean_europe_2018_2020_005dg.netcdf,HU,265,3433.4,0,1,0,0,0,1,17.23434702,53.48089318,0.314484932,4.271218048,28.49287749
578,STA-RO0214A,STA-RO0214A/S2B_MSIL2A_20200730T093039_N0214_R136_T34TFP_20200730T122155.npy,STA-RO0214A/l3_mean_europe_2018_2020_005dg.netcdf,RO,35,86.4,0,0,1,1,0,0,27.56739714,40.87732864,0.784300851,9.626752555,21.7136923
582,STA_PL0585A,STA_PL0585A/S2B_MSIL2A_20200821T100559_N0214_R022_T33UWS_20200821T130423.npy,STA_PL0585A/l3_mean_europe_2018_2020_005dg.netcdf,PL,345,100,0,0,1,0,0,1,11.95548913,58.28266459,0.373864008,4.379060527,27.66654037
598,STA-LU0101A,STA-LU0101A/S2A_MSIL2A_20200407T104021_N0214_R008_T31UGQ_20200407T113125.npy,STA-LU0101A/l3_mean_europe_2018_2020_005dg.netcdf,LU,275,235.1,0,0,1,0,0,1,30.63284272,43.89826097,0.262611118,1.963483746,21.04979553
624,STA-BETN132,STA-BETN132/S2B_MSIL2A_20201128T104409_N0214_R008_T31UFR_20201128T122608.npy,STA-BETN132/l3_mean_europe_2018_2020_005dg.netcdf,BE,375,69.1,1,0,0,0,0,1,8.955275498,59.31261327,0.194291569,0.765577419,13.37898625
625,STA-EE0021A,STA-EE0021A/S2B_MSIL2A_20200819T093039_N0214_R136_T35VME_20200819T120522.npy,STA-EE0021A/l3_mean_europe_2018_2020_005dg.netcdf,EE,41,20.4,0,0,1,0,0,1,11.19582093,56.21475334,0.268053036,0.625340039,16.21452054
632,STA_PL0539A,STA_PL0539A/S2B_MSIL2A_20200822T094039_N0214_R036_T34UEC_20200822T115325.npy,STA_PL0539A/l3_mean_europe_2018_2020_005dg.netcdf,PL,95,206.1,0,1,0,0,0,1,16.06655939,46.75358615,0.424647847,3.680277716,38.19209944
642,STA.03.1401,STA.03.1401/S2A_MSIL2A_20200922T100031_N0214_R122_T33UWP_20200924T114821.npy,STA.03.1401/l3_mean_europe_2018_2020_005dg.netcdf,AT,215,236.3,0,1,0,0,0,1,16.16633398,58.91272873,0.253785151,3.199891068,20.12589142
647,STA_ES1617A,STA_ES1617A/S2B_MSIL2A_20200215T105029_N0214_R051_T30SYJ_20200215T141800.npy,STA_ES1617A/l3_mean_europe_2018_2020_005dg.netcdf,ES,60,236,0,1,0,0,0,1,11.30846703,53.60964268,0.133592139,3.213663297,16.71428571
650,STA.DE_DEUB030,STA.DE_DEUB030/S2B_MSIL2A_20200801T100559_N0214_R022_T32UQD_20200801T135302.npy,STA.DE_DEUB030/l3_mean_europe_2018_2020_005dg.netcdf,DE,65,118.8,1,0,0,0,0,1,4.490552258,58.52165963,0.170154613,0.958511604,13.30461035
652,STA.IT2031A,STA.IT2031A/S2A_MSIL2A_20201215T094411_N0214_R036_T33SXD_20201215T122157.npy,STA.IT2031A/l3_mean_europe_2018_2020_005dg.netcdf,IT,37,101.1,0,0,1,0,0,1,24.79647138,57.87069873,0.565520078,1.838086707,24.0156686
653,STA_PL0136A,STA_PL0136A/S2B_MSIL2A_20200207T095059_N0214_R079_T34UDD_20200207T120904.npy,STA_PL0136A/l3_mean_europe_2018_2020_005dg.netcdf,PL,101,99.3,0,0,1,0,0,1,18.92097199,49.54098385,0.369821417,3.860550477,29.88790901
655,STA_ES2051A,STA_ES2051A/S2B_MSIL2A_20200623T112119_N0214_R037_T29TQJ_20200623T143258.npy,STA_ES2051A/l3_mean_europe_2018_2020_005dg.netcdf,ES,170,97,0,1,0,0,1,0,18.94187659,40.34757802,0.62925101,6.567423367,24.15749357
657,STA_PL0398A,STA_PL0398A/S2B_MSIL2A_20200207T095059_N0214_R079_T34UDD_20200207T120904.npy,STA_PL0398A/l3_mean_europe_2018_2020_005dg.netcdf,PL,97,99.3,0,0,1,0,0,1,15.66813875,47.86813828,0.374543448,5.54680204,30.96280597
667,STA_PL0218A,STA_PL0218A/S2A_MSIL2A_20200919T095031_N0214_R079_T33UYR_20200919T115531.npy,STA_PL0218A/l3_mean_europe_2018_2020_005dg.netcdf,PL,181,110.6,0,0,1,0,0,1,17.07615016,47.60233877,0.34936645,6.354266708,37.29363593
682,STA_ES1616A,STA_ES1616A/S2B_MSIL2A_20200112T111329_N0213_R137_T29TQE_20200112T122412.npy,STA_ES1616A/l3_mean_europe_2018_2020_005dg.netcdf,ES,376,20.1,1,0,0,0,0,1,3.461426862,64.40120378,0.217227436,1.967325226,12.94
689,STA.10.ILL1,STA.10.ILL1/S2A_MSIL2A_20200123T095311_N0213_R079_T33UXP_20200123T112027.npy,STA.10.ILL1/l3_mean_europe_2018_2020_005dg.netcdf,AT,117,96.9,1,0,0,0,0,1,8.265710249,56.70112395,0.228828507,1.317631862,19.49636054
690,STA_ES1624A,STA_ES1624A/S2A_MSIL2A_20200719T105031_N0214_R051_T30SYH_20200719T134605.npy,STA_ES1624A/l3_mean_europe_2018_2020_005dg.netcdf,ES,44,321.5,0,1,0,0,0,1,14.65654693,65.19720952,0.145553407,3.414020857,20.14828897
696,STA_PL0212A,STA_PL0212A/S2B_MSIL2A_20200423T100549_N0214_R022_T33UWT_20200423T144611.npy,STA_PL0212A/l3_mean_europe_2018_2020_005dg.netcdf,PL,90,79.9,0,0,1,0,0,1,14.04356558,50.0483089,0.418250356,6.919807397,34.72070715
701,STA_ES0825A,STA_ES0825A/S2B_MSIL2A_20200623T112119_N0214_R037_T29TQJ_20200623T143258.npy,STA_ES0825A/l3_mean_europe_2018_2020_005dg.netcdf,ES,206,97,0,0,1,0,1,0,14.22663119,43.09298286,0.61713059,7.26369309,21.30011549
702,STA-CH0005R,STA-CH0005R/S2A_MSIL2A_20200928T102031_N0214_R065_T32TMT_20200928T131819.npy,STA-CH0005R/l3_mean_europe_2018_2020_005dg.netcdf,CH,1031,187.7,1,0,0,0,0,1,6.135657916,82.74439931,0.167375172,0.252066479,8.46942164
715,STA-RO0186A,STA-RO0186A/S2A_MSIL2A_20200702T092031_N0214_R093_T34TGS_20200702T114806.npy,STA-RO0186A/l3_mean_europe_2018_2020_005dg.netcdf,RO,285,74.1,0,0,1,0,1,0,23.44081273,42.83066929,0.315613971,9.873330438,18.88953424
719,STA-RO0163A,STA-RO0163A/S2B_MSIL2A_20200710T093039_N0214_R136_T34TFT_20200710T120649.npy,STA-RO0163A/l3_mean_europe_2018_2020_005dg.netcdf,RO,354,73.5,0,1,0,0,0,1,12.69694568,46.64641012,0.416065387,5.354522169,17.65738505
723,STA.IT1993A,STA.IT1993A/S2B_MSIL2A_20200801T100559_N0214_R022_T32SNJ_20200801T135302.npy,STA.IT1993A/l3_mean_europe_2018_2020_005dg.netcdf,IT,15,125.3,0,0,1,0,0,1,13.49769752,52.28898377,0.282091323,0.57289196,27.502521
724,STA_ES1901A,STA_ES1901A/S2A_MSIL2A_20200718T112121_N0214_R037_T29TNH_20200718T123331.npy,STA_ES1901A/l3_mean_europe_2018_2020_005dg.netcdf,ES,260,142.1,0,0,1,1,0,0,20.16113482,59.15961028,0.328008763,3.578249335,20.41226645
737,STA_ES1193A,STA_ES1193A/S2A_MSIL2A_20200910T105631_N0214_R094_T30TVK_20200910T135152.npy,STA_ES1193A/l3_mean_europe_2018_2020_005dg.netcdf,ES,645,827.3,0,1,0,0,0,1,19.65201423,60.33331646,0.2,3,15.50168038
741,STA.DE_DENI070,STA.DE_DENI070/S2A_MSIL2A_20200723T103031_N0214_R108_T32UNC_20200723T142801.npy,STA.DE_DENI070/l3_mean_europe_2018_2020_005dg.netcdf,DE,93,474,1,0,0,0,1,0,15.86058287,54.60093661,0.704768522,7.450075892,16.05883234
742,STA_ES1982A,STA_ES1982A/S2B_MSIL2A_20200803T104629_N0214_R051_T30TYM_20200803T134220.npy,STA_ES1982A/l3_mean_europe_2018_2020_005dg.netcdf,ES,1570,35.5,1,0,0,0,0,1,1.355217599,92.19240506,0.120771076,1.160670083,11.5326284
746,STA-HU0031A,STA-HU0031A/S2B_MSIL2A_20200407T095029_N0214_R079_T33TYN_20200407T123458.npy,STA-HU0031A/l3_mean_europe_2018_2020_005dg.netcdf,HU,199,134.6,0,0,1,1,0,0,18.77224356,40.96922359,0.440162757,1.961142688,26.81976744
747,STA_ES1785A,STA_ES1785A/S2A_MSIL2A_20200719T105031_N0214_R051_T30SWF_20200719T134605.npy,STA_ES1785A/l3_mean_europe_2018_2020_005dg.netcdf,ES,148,80.3,0,0,1,0,1,0,8.084589208,64.89021622,0.130096371,3.360452901,20.87627119
748,STA_PL0561A,STA_PL0561A/S2A_MSIL2A_20200614T100031_N0214_R122_T33UXA_20200614T131849.npy,STA_PL0561A/l3_mean_europe_2018_2020_005dg.netcdf,PL,186,55.9,1,0,0,0,0,1,7.608853603,61.91974527,0.378714012,3.926357134,17.93939394
756,STA_ES2084A,STA_ES2084A/S2A_MSIL2A_20200718T112121_N0214_R037_T29TNH_20200718T123331.npy,STA_ES2084A/l3_mean_europe_2018_2020_005dg.netcdf,ES,600,210.8,0,1,0,1,0,0,5.625447056,70.32243491,0.104343589,2.98832346,15.40182036
761,STA_ES1433A,STA_ES1433A/S2B_MSIL2A_20200623T112119_N0214_R037_T29TQJ_20200623T143258.npy,STA_ES1433A/l3_mean_europe_2018_2020_005dg.netcdf,ES,262,97,0,1,0,0,0,1,9.751298395,46.34177366,0.216474274,4.342242195,21.03807437
773,STA.CZ_JJIH,STA.CZ_JJIH/S2B_MSIL2A_20200828T100029_N0214_R122_T33UWQ_20200828T120923.npy,STA.CZ_JJIH/l3_mean_europe_2018_2020_005dg.netcdf,CZ,502,76.3,0,0,1,0,0,1,13.06758868,58.33482762,0.302058125,4.266407058,22.00209888
784,STA_ES1138A,STA_ES1138A/S2A_MSIL2A_20200519T112121_N0214_R037_T29TNJ_20200519T141241.npy,STA_ES1138A/l3_mean_europe_2018_2020_005dg.netcdf,ES,35,142.1,0,0,1,1,0,0,31.09782231,45.83104007,0.218822099,6.669203149,31.18450128
793,STA.IT0854A,STA.IT0854A/S2A_MSIL2A_20200620T102031_N0214_R065_T32TMQ_20200620T131229.npy,STA.IT0854A/l3_mean_europe_2018_2020_005dg.netcdf,IT,105,460.4,0,0,1,0,0,1,26.44060772,68.59516537,0.585590257,7.180883384,19.15881844
795,STA.IT2269A,STA.IT2269A/S2A_MSIL2A_20201019T095041_N0214_R079_T33TVF_20201019T115444.npy,STA.IT2269A/l3_mean_europe_2018_2020_005dg.netcdf,IT,11,222.3,0,0,1,0,0,1,16.61691683,62.79562053,0.481268965,1.795417972,18.1400862
817,STA-LV000L1,STA-LV000L1/S2B_MSIL2A_20200815T095039_N0214_R079_T34VDH_20200815T120650.npy,STA-LV000L1/l3_mean_europe_2018_2020_005dg.netcdf,LV,4,18,0,0,1,1,0,0,22.65445819,55.40649365,0.262047137,1.278700583,23.94942196
819,STA-RO0137A,STA-RO0137A/S2A_MSIL2A_20200914T085601_N0214_R007_T35TPK_20200914T121155.npy,STA-RO0137A/l3_mean_europe_2018_2020_005dg.netcdf,RO,60,100.2,0,0,1,0,1,0,16.17565619,48.22493237,0.086507008,7.821639,23.79
823,STA_ES1778A,STA_ES1778A/S2A_MSIL2A_20200825T104031_N0214_R008_T31TDG_20200825T151314.npy,STA_ES1778A/l3_mean_europe_2018_2020_005dg.netcdf,ES,693,718.7,1,0,0,0,0,1,2.591441229,72.06028697,0.123263906,1.040369906,12.09349315
824,STA-RO0182A,STA-RO0182A/S2B_MSIL2A_20200710T093039_N0214_R136_T34TFT_20200710T120649.npy,STA-RO0182A/l3_mean_europe_2018_2020_005dg.netcdf,RO,123,75.8,0,0,1,0,0,1,20.93662527,38.3807624,0.322073941,9.424819431,17.59355113
833,STA-RO0108A,STA-RO0108A/S2B_MSIL2A_20200918T093039_N0214_R136_T34TET_20200918T120935.npy,STA-RO0108A/l3_mean_europe_2018_2020_005dg.netcdf,RO,145,75,0,0,1,0,1,0,33.63235236,40.05795435,0.912195003,8.762940023,12.51094674
836,STA-MK0036A,STA-MK0036A/S2A_MSIL2A_20201122T093321_N0214_R136_T34TEM_20201122T122223.npy,STA-MK0036A/l3_mean_europe_2018_2020_005dg.netcdf,MK,337,76.3,0,0,1,0,0,1,19.99675506,32.71805458,0.721467234,1.645206748,52.06071723
844,STA.IT1897A,STA.IT1897A/S2A_MSIL2A_20200830T095031_N0214_R079_T33TWF_20200830T115423.npy,STA.IT1897A/l3_mean_europe_2018_2020_005dg.netcdf,IT,319,55.9,0,0,1,0,1,0,8.817212578,73.61140998,0.5395,1.796034926,17.04792022
847,STA.IT2005A,STA.IT2005A/S2A_MSIL2A_20200826T101031_N0214_R022_T32TNL_20200826T130121.npy,STA.IT2005A/l3_mean_europe_2018_2020_005dg.netcdf,IT,17,47.7,0,1,0,0,0,1,13.36260914,48.61080636,0.289175355,1.829381496,13.43836478
848,HR_DOC_TYPE_D_STA_RH0108,HR_DOC_TYPE_D_STA_RH0108/S2A_MSIL2A_20200912T100031_N0214_R122_T33TVL_20200912T114911.npy,HR_DOC_TYPE_D_STA_RH0108/l3_mean_europe_2018_2020_005dg.netcdf,HR,0,79.8,0,0,1,0,0,1,11.76395832,76.1046715,0.159559719,4.394998359,25.9790936
853,STA-LT00041,STA-LT00041/S2A_MSIL2A_20200807T094041_N0214_R036_T35ULA_20200807T110442.npy,STA-LT00041/l3_mean_europe_2018_2020_005dg.netcdf,LT,31,71.8,0,0,1,1,0,0,21.45062152,41.12677442,0.33260129,3.904760956,30.16969
856,STA_ES0890A,STA_ES0890A/S2B_MSIL2A_20201227T111359_N0214_R137_T30STG_20201227T131730.npy,STA_ES0890A/l3_mean_europe_2018_2020_005dg.netcdf,ES,17,140.3,0,0,1,1,0,0,35.29516631,45.44182224,0.37531895,3.585148747,31.39038462
862,STA-HU0022A,STA-HU0022A/S2A_MSIL2A_20200711T095031_N0214_R079_T34TCT_20200711T112238.npy,STA-HU0022A/l3_mean_europe_2018_2020_005dg.netcdf,HU,153,3433.4,0,1,0,0,0,1,24.09297362,44.1639137,0.534299476,2.315903808,33.26851852
866,STA-RO0213A,STA-RO0213A/S2A_MSIL2A_20200825T085601_N0214_R007_T35TNK_20200825T115135.npy,STA-RO0213A/l3_mean_europe_2018_2020_005dg.netcdf,RO,11,58.4,1,0,0,0,0,1,8.623644843,29.07399114,1.132019476,14.82589181,28.56566115
898,STA.IT2013A,STA.IT2013A/S2A_MSIL2A_20201221T100431_N0214_R122_T33TUG_20201221T115632.npy,STA.IT2013A/l3_mean_europe_2018_2020_005dg.netcdf,IT,255,151.1,0,0,1,0,0,1,28.26061941,56.67127863,0.422204195,1.943425075,25.83707865
901,STA_ES2061A,STA_ES2061A/S2A_MSIL2A_20200519T112121_N0214_R037_T29TNG_20200519T141241.npy,STA_ES2061A/l3_mean_europe_2018_2020_005dg.netcdf,ES,15,210.8,0,0,1,1,0,0,22.18554103,48.00412562,0.208424214,1.235201016,18.81461149
914,STA-PT03072,STA-PT03072/S2A_MSIL2A_20200830T113321_N0214_R080_T29SMC_20200830T142737.npy,STA-PT03072/l3_mean_europe_2018_2020_005dg.netcdf,PT,86,1010.7,0,0,1,1,0,0,40.54022028,50.0439578,0.282021968,0.836134947,22.99554214
915,STA_ES1349A,STA_ES1349A/S2A_MSIL2A_20200725T110631_N0214_R137_T30TWN_20200725T120536.npy,STA_ES1349A/l3_mean_europe_2018_2020_005dg.netcdf,ES,122,108.5,0,1,0,1,0,0,20.6426137,39.06574519,0.229670749,3.786075949,16.43031663
920,STA-RO0180A,STA-RO0180A/S2B_MSIL2A_20200823T090559_N0214_R050_T35TMK_20200823T110634.npy,STA-RO0180A/l3_mean_europe_2018_2020_005dg.netcdf,RO,160,154.2,0,0,1,0,1,0,20.53118755,41.55849672,0.203927373,13.31225304,24.4965845
926,STA-BETN085,STA-BETN085/S2A_MSIL2A_20200805T104031_N0214_R008_T31UGR_20200805T121101.npy,STA-BETN085/l3_mean_europe_2018_2020_005dg.netcdf,BE,490,46.8,1,0,0,0,0,1,6.704001429,56.81946454,0.154155645,0.440299394,11.53776326
932,STA-RO0092A,STA-RO0092A/S2B_MSIL2A_20200829T093039_N0214_R136_T34TFS_20200829T115846.npy,STA-RO0092A/l3_mean_europe_2018_2020_005dg.netcdf,RO,246,52.5,0,0,1,0,0,1,21.54696412,48.45942485,0.188481714,6.889483212,23.87696379
940,STA.DE_DEHE018,STA.DE_DEHE018/S2B_MSIL2A_20200807T102559_N0214_R108_T32UMA_20200807T132026.npy,STA.DE_DEHE018/l3_mean_europe_2018_2020_005dg.netcdf,DE,90,617.6,0,0,1,0,0,1,28.4885086,50.64897368,0.300267201,2.766239021,17.7649854
942,STA.DE_DEBY037,STA.DE_DEBY037/S2B_MSIL2A_20200913T101629_N0214_R065_T32UPU_20200913T131152.npy,STA.DE_DEBY037/l3_mean_europe_2018_2020_005dg.netcdf,DE,521,4721.9,0,0,1,1,0,0,47.54987914,41.47978408,0.342813325,4.815401639,22.24485991
945,STA_ES1911A,STA_ES1911A/S2B_MSIL2A_20200215T105029_N0214_R051_T30SYJ_20200215T141800.npy,STA_ES1911A/l3_mean_europe_2018_2020_005dg.netcdf,ES,320,236,0,1,0,0,1,0,7.267711172,58.89901507,0.10185648,3.032254253,11.37784228
947,STA_PL0544A,STA_PL0544A/S2A_MSIL2A_20200701T095031_N0214_R079_T34UCB_20200701T123557.npy,STA_PL0544A/l3_mean_europe_2018_2020_005dg.netcdf,PL,223,98.3,0,0,1,0,0,1,20.15345214,50.95521683,0.547271366,7.240657799,40.51347447
948,STA-GR0018A,STA-GR0018A/S2A_MSIL2A_20200702T092031_N0214_R093_T34TFL_20200702T114806.npy,STA-GR0018A/l3_mean_europe_2018_2020_005dg.netcdf,GR,27,310.9,0,0,1,1,0,0,24.32231599,37.18305469,0.7614205,7.606422879,43.18962343
958,STA-BG0045A,STA-BG0045A/S2B_MSIL2A_20200316T090659_N0214_R050_T35TMJ_20200316T123434.npy,STA-BG0045A/l3_mean_europe_2018_2020_005dg.netcdf,BG,41,78.3,0,0,1,0,0,1,19.99379038,51.34734015,0.423976295,9.363802436,38.86854341
963,STA.IT2072A,STA.IT2072A/S2A_MSIL2A_20200408T101021_N0214_R022_T32TPQ_20200408T161405.npy,STA.IT2072A/l3_mean_europe_2018_2020_005dg.netcdf,IT,6,149.3,1,0,0,0,0,1,18.56153846,49.88389561,0.372187581,6,33.43646409
1014,STA_PL0509A,STA_PL0509A/S2B_MSIL2A_20200325T094029_N0214_R036_T34UDC_20200325T130308.npy,STA_PL0509A/l3_mean_europe_2018_2020_005dg.netcdf,PL,180,98.3,0,0,1,0,0,1,18.84690923,47.64983011,0.536378761,6.633872477,37.25881359
1019,STA-DK0034A,STA-DK0034A/S2A_MSIL2A_20200325T103021_N0214_R108_T33UUB_20200325T144818.npy,STA-DK0034A/l3_mean_europe_2018_2020_005dg.netcdf,DK,5,4481.8,0,0,1,1,0,0,38.92992525,42.28323077,0.327047162,2.973063077,31.32909069
1037,STA-RO0159A,STA-RO0159A/S2A_MSIL2A_20200825T085601_N0214_R007_T35TNK_20200825T115135.npy,STA-RO0159A/l3_mean_europe_2018_2020_005dg.netcdf,RO,22,59.2,0,0,1,0,0,1,32.35220867,51.67088068,0.115363792,7.463941121,26.36192567
1040,STA.IT0953A,STA.IT0953A/S2A_MSIL2A_20200813T100031_N0214_R122_T32TQM_20200813T113828.npy,STA.IT0953A/l3_mean_europe_2018_2020_005dg.netcdf,IT,50,823.7,0,0,1,0,0,1,28.38837615,44.09513798,0.375669301,1.731417828,23.30532213
1045,STA_ES1877A,STA_ES1877A/S2B_MSIL2A_20200106T105339_N0213_R051_T31TBE_20200106T121433.npy,STA_ES1877A/l3_mean_europe_2018_2020_005dg.netcdf,ES,27,86.2,0,0,1,0,1,0,23.06442238,45.25860905,0.128294375,10.22331288,12.3528612
1047,STA_ES2018A,STA_ES2018A/S2B_MSIL2A_20200106T105339_N0213_R051_T31TBE_20200106T121433.npy,STA_ES2018A/l3_mean_europe_2018_2020_005dg.netcdf,ES,200,236,1,0,0,0,0,1,7.163789938,62.90807344,0.121919386,3.575688989,8.719668246
1049,STA-SI0003A,STA-SI0003A/S2B_MSIL2A_20200111T100259_N0213_R122_T33TVM_20200111T124214.npy,STA-SI0003A/l3_mean_europe_2018_2020_005dg.netcdf,SI,299,234.4,0,0,1,0,0,1,26.22198636,45.38003466,0.339333897,5.272456975,26.75690608
1053,STA-RO0100A,STA-RO0100A/S2B_MSIL2A_20200823T090559_N0214_R050_T35TLK_20200823T110634.npy,STA-RO0100A/l3_mean_europe_2018_2020_005dg.netcdf,RO,296,86,0,1,0,0,0,1,9.653123136,46.57852488,0.219008708,5.916212864,24.0198813
1054,STA-BETN063,STA-BETN063/S2B_MSIL2A_20200326T104639_N0214_R051_T31UFS_20200326T141923.npy,STA-BETN063/l3_mean_europe_2018_2020_005dg.netcdf,BE,145,367.3,1,0,0,0,0,1,15.66690366,53.18383061,0.198866643,0.424380704,17.91901913
1057,STA.IT1899A,STA.IT1899A/S2A_MSIL2A_20200522T095041_N0214_R079_T33SVB_20200522T122957.npy,STA.IT1899A/l3_mean_europe_2018_2020_005dg.netcdf,IT,160,311.1,0,0,1,0,0,1,14.51461403,58.05497595,0.28825457,2.417588194,23.44985518
1058,STA_ES1822A,STA_ES1822A/S2A_MSIL2A_20200824T110631_N0214_R137_T30STF_20200824T154400.npy,STA_ES1822A/l3_mean_europe_2018_2020_005dg.netcdf,ES,390,170.9,1,0,0,0,1,0,4.240884638,79.65080154,0.316026811,4.107160867,20.19999999
1074,STA.IT2028A,STA.IT2028A/S2B_MSIL2A_20200524T094029_N0214_R036_T33SWC_20200524T123152.npy,STA.IT2028A/l3_mean_europe_2018_2020_005dg.netcdf,IT,20,171.3,0,0,1,0,0,1,17.98263112,54.87844313,0.42942932,4.884249646,21.59605421
1091,STA_ES1826A,STA_ES1826A/S2B_MSIL2A_20200215T105029_N0214_R051_T30SYJ_20200215T141800.npy,STA_ES1826A/l3_mean_europe_2018_2020_005dg.netcdf,ES,122,236,0,1,0,0,0,1,19.35698344,65.40999023,0.109717159,3.475673006,17.09230769
1093,STA-HU0038A,STA-HU0038A/S2B_MSIL2A_20200921T094039_N0214_R036_T34UDU_20200921T120812.npy,STA-HU0038A/l3_mean_europe_2018_2020_005dg.netcdf,HU,135,89.8,0,1,0,0,0,1,14.77293898,46.04294259,0.610349492,8.579809017,34.13370474
1114,STA_ES1601A,STA_ES1601A/S2A_MSIL2A_20200625T110631_N0214_R137_T29SPD_20200625T122333.npy,STA_ES1601A/l3_mean_europe_2018_2020_005dg.netcdf,ES,390,31.5,0,0,1,0,0,1,9.757343611,58.21908861,0.150454829,1.778565253,14.22339833
1115,STA-HU0032A,STA-HU0032A/S2B_MSIL2A_20200407T095029_N0214_R079_T33TYN_20200407T123458.npy,STA-HU0032A/l3_mean_europe_2018_2020_005dg.netcdf,HU,99,202.3,0,1,0,0,0,1,15.51000116,55.69708038,0.33693697,4.559594003,19.31179775
1119,STA_ES1711A,STA_ES1711A/S2B_MSIL2A_20200215T105029_N0214_R051_T30SXJ_20200215T141800.npy,STA_ES1711A/l3_mean_europe_2018_2020_005dg.netcdf,ES,510,236,0,1,0,0,0,1,4.617006074,78.74008757,0.102691415,3.532713622,12.82411702
1143,STA-RO0194A,STA-RO0194A/S2B_MSIL2A_20200713T094029_N0214_R036_T34TER_20200713T123221.npy,STA-RO0194A/l3_mean_europe_2018_2020_005dg.netcdf,RO,89,81.3,0,0,1,0,0,1,20.43258865,41.9047722,0.204437141,8.230317305,29.66916388
1151,STA_ES2068A,STA_ES2068A/S2B_MSIL2A_20200727T105619_N0214_R094_T30TWN_20200727T144035.npy,STA_ES2068A/l3_mean_europe_2018_2020_005dg.netcdf,ES,473,62.5,0,1,0,0,0,1,5.491321921,56.60877728,0.476727358,2.99754902,14.95196915
1152,STA_PL0115A,STA_PL0115A/S2B_MSIL2A_20200328T095029_N0214_R079_T33UYT_20200328T122832.npy,STA_PL0115A/l3_mean_europe_2018_2020_005dg.netcdf,PL,189,175.1,0,0,1,0,0,1,17.60102776,46.41597318,0.496604884,6.17760811,38.76670764
1159,STA-BG0043A,STA-BG0043A/S2A_MSIL2A_20200831T092031_N0214_R093_T34TFN_20200831T122905.npy,STA-BG0043A/l3_mean_europe_2018_2020_005dg.netcdf,BG,363,45.8,0,0,1,0,0,1,20.16343517,53.04665504,0.355606079,10.34423741,29.22590659
1161,STA_ES1185A,STA_ES1185A/S2B_MSIL2A_20200215T105029_N0214_R051_T30SYJ_20200215T141800.npy,STA_ES1185A/l3_mean_europe_2018_2020_005dg.netcdf,ES,10,236,0,0,1,1,0,0,17.06222885,56.64133783,0.133965537,3.650318103,11.35528723
1174,STA-RO0104A,STA-RO0104A/S2B_MSIL2A_20200922T090659_N0214_R050_T35TMM_20200922T110348.npy,STA-RO0104A/l3_mean_europe_2018_2020_005dg.netcdf,RO,161,89.9,0,0,1,0,0,1,22.04751237,44.44325428,0.179131056,5.749099588,23.88360606
1177,STA.IT2204A,STA.IT2204A/S2A_MSIL2A_20200830T095031_N0214_R079_T33TWE_20200830T115423.npy,STA.IT2204A/l3_mean_europe_2018_2020_005dg.netcdf,IT,603,55.9,1,0,0,0,1,0,5.389452857,59.85554459,0.350547226,3.92637975,18.09670623
1181,STA-RO0188A,STA-RO0188A/S2B_MSIL2A_20200915T092029_N0214_R093_T35TMN_20200915T112537.npy,STA-RO0188A/l3_mean_europe_2018_2020_005dg.netcdf,RO,385,73.5,0,0,1,0,0,1,14.24666875,51.85430318,0.099891002,8.130897051,23.98304477
1190,STA_ES2064A,STA_ES2064A/S2B_MSIL2A_20200717T105619_N0214_R094_T30TXM_20200717T135336.npy,STA_ES2064A/l3_mean_europe_2018_2020_005dg.netcdf,ES,208,56.3,0,1,0,1,0,0,32.84539214,48.8767746,0.209519499,3.922419556,7.109736715
1196,STA-HU0037A,STA-HU0037A/S2A_MSIL2A_20201118T095311_N0214_R079_T33TXN_20201118T115530.npy,STA-HU0037A/l3_mean_europe_2018_2020_005dg.netcdf,HU,248,81.6,0,1,0,0,0,1,13.43482307,57.54132506,0.508795843,5.315834432,17.62745098
1199,STA_ES1489A,STA_ES1489A/S2B_MSIL2A_20200727T105619_N0214_R094_T30TVN_20200727T144035.npy,STA_ES1489A/l3_mean_europe_2018_2020_005dg.netcdf,ES,911,108.5,1,0,0,0,0,1,3.257079594,75.28597516,0.206132098,1.226478808,11.16748474
1219,STA.DE_DERP025,STA.DE_DERP025/S2A_MSIL2A_20200812T103031_N0214_R108_T32UMV_20200812T131334.npy,STA.DE_DERP025/l3_mean_europe_2018_2020_005dg.netcdf,DE,115,286.2,0,0,1,0,0,1,17.72289362,53.71434322,0.240250431,4.332317803,18.17787242
1221,STA_ES1137A,STA_ES1137A/S2A_MSIL2A_20200519T112121_N0214_R037_T29TNG_20200519T141241.npy,STA_ES1137A/l3_mean_europe_2018_2020_005dg.netcdf,ES,53,210.8,0,0,1,1,0,0,27.21707486,55.2429964,0.256120499,2.835042141,21.76148988
1240,STA_ES1557A,STA_ES1557A/S2A_MSIL2A_20200718T112121_N0214_R037_T29TNH_20200718T123331.npy,STA_ES1557A/l3_mean_europe_2018_2020_005dg.netcdf,ES,210,142.1,1,0,0,0,1,0,12.03753598,53.46102476,0.112204951,2.927691422,12.78145542
1254,STA_ES1615A,STA_ES1615A/S2A_MSIL2A_20200708T112121_N0214_R037_T30STJ_20200708T122745.npy,STA_ES1615A/l3_mean_europe_2018_2020_005dg.netcdf,ES,389,20.1,0,0,1,0,0,1,7.661086127,68.73001385,0.20616301,0.733209001,13.66539589
1260,STA_PL0242A,STA_PL0242A/S2A_MSIL2A_20200919T095031_N0214_R079_T33UYR_20200919T115531.npy,STA_PL0242A/l3_mean_europe_2018_2020_005dg.netcdf,PL,255,535.5,0,0,1,0,0,1,23.20936728,46.0916274,0.481717795,12.90977568,44.89991987
1261,STA_ES1269A,STA_ES1269A/S2B_MSIL2A_20200623T112119_N0214_R037_T29TQJ_20200623T143258.npy,STA_ES1269A/l3_mean_europe_2018_2020_005dg.netcdf,ES,180,97,0,0,1,1,0,0,30.9986156,35.99792889,0.366037931,9.098575099,25.37572781
1264,STA-RO0121A,STA-RO0121A/S2B_MSIL2A_20200915T092029_N0214_R093_T35TLL_20200915T112537.npy,STA-RO0121A/l3_mean_europe_2018_2020_005dg.netcdf,RO,516,103.4,0,1,0,0,0,1,11.97367098,36.9731631,0.156026253,6.228090045,24.8846332
1267,STA_ES1753A,STA_ES1753A/S2A_MSIL2A_20200910T105631_N0214_R094_T30TWM_20200910T135152.npy,STA_ES1753A/l3_mean_europe_2018_2020_005dg.netcdf,ES,380,62.3,1,0,0,0,1,0,6.715453384,64.29529562,0.332790725,3.448734911,18.66176985
1279,STA.DE_DEBE065,STA.DE_DEBE065/S2B_MSIL2A_20200801T100559_N0214_R022_T32UQD_20200801T135302.npy,STA.DE_DEBE065/l3_mean_europe_2018_2020_005dg.netcdf,DE,40,4289.8,0,0,1,1,0,0,37.52893194,41.61821171,0.357349384,3.675147416,27.70757657
1282,STA.IT1938A,STA.IT1938A/S2A_MSIL2A_20201215T094411_N0214_R036_T33SXD_20201215T122157.npy,STA.IT1938A/l3_mean_europe_2018_2020_005dg.netcdf,IT,230,105.9,0,0,1,0,0,1,24.99576591,58.04264881,0.635814291,7.085389607,22.79491379
1284,STA_PL0675A,STA_PL0675A/S2B_MSIL2A_20200921T094039_N0214_R036_T34UFE_20200921T120812.npy,STA_PL0675A/l3_mean_europe_2018_2020_005dg.netcdf,PL,126,43.4,0,0,1,0,0,1,11.47806166,49.29221477,0.420767019,2.352239872,20.57987656
1287,STA-PT03082,STA-PT03082/S2A_MSIL2A_20200830T113321_N0214_R080_T29SMC_20200830T142737.npy,STA-PT03082/l3_mean_europe_2018_2020_005dg.netcdf,PT,109,1010.7,0,0,1,0,0,1,32.73036741,58.9167548,0.417226866,1.769956456,19.76702127
1288,STA_ES1641A,STA_ES1641A/S2B_MSIL2A_20200717T105619_N0214_R094_T30TXM_20200717T135336.npy,STA_ES1641A/l3_mean_europe_2018_2020_005dg.netcdf,ES,220,56.3,0,0,1,0,0,1,23.43767938,58.85614146,0.173937507,3.41742052,20.25890969
1296,STA_PL0126A,STA_PL0126A/S2B_MSIL2A_20200822T094039_N0214_R036_T34UDV_20200822T115325.npy,STA_PL0126A/l3_mean_europe_2018_2020_005dg.netcdf,PL,844,128.1,0,0,1,0,0,1,20.50494043,52.38364935,0.521879942,9.049339153,31.38767119
1320,STA-RO0127A,STA-RO0127A/S2B_MSIL2A_20200829T093039_N0214_R136_T34TER_20200829T115846.npy,STA-RO0127A/l3_mean_europe_2018_2020_005dg.netcdf,RO,259,32.3,0,0,1,0,1,0,13.22473405,49.56526114,0.383275634,9.528882045,15.52987903
1323,STA_ES2014A,STA_ES2014A/S2A_MSIL2A_20200708T112121_N0214_R037_T29TPG_20200708T122745.npy,STA_ES2014A/l3_mean_europe_2018_2020_005dg.netcdf,ES,760,42.9,1,0,0,0,0,1,1.794391228,62.68480148,0.241585522,1.584098776,8.961981535
1337,STA-RO0105A,STA-RO0105A/S2B_MSIL2A_20200922T090659_N0214_R050_T35TMM_20200922T110348.npy,STA-RO0105A/l3_mean_europe_2018_2020_005dg.netcdf,RO,160,89.9,0,0,1,0,1,0,17.22963435,48.53924863,0.088020985,7.924442832,25.04110447
1347,STA_ES1836A,STA_ES1836A/S2B_MSIL2A_20200717T105619_N0214_R094_T30TXM_20200717T135336.npy,STA_ES1836A/l3_mean_europe_2018_2020_005dg.netcdf,ES,198,56.3,0,0,1,1,0,0,25.8659693,53.35028251,0.210839416,6.598620326,12.20455638
1371,STA_ES0094A,STA_ES0094A/S2A_MSIL2A_20200519T112121_N0214_R037_T29TNJ_20200519T141241.npy,STA_ES0094A/l3_mean_europe_2018_2020_005dg.netcdf,ES,478,142.1,1,0,0,0,1,0,3.100865902,74.89414651,0.299699753,3.991818607,8.741527888
1375,STA.DE_DEHE135,STA.DE_DEHE135/S2B_MSIL2A_20200807T102559_N0214_R108_T32UMA_20200807T132026.npy,STA.DE_DEHE135/l3_mean_europe_2018_2020_005dg.netcdf,DE,94,3061.1,0,0,1,0,0,1,23.95049504,49.48303662,0.234404711,3.162674596,16.88742943
1378,STA.IT2202A,STA.IT2202A/S2A_MSIL2A_20200830T095031_N0214_R079_T33TWE_20200830T115423.npy,STA.IT2202A/l3_mean_europe_2018_2020_005dg.netcdf,IT,735,55.9,0,1,0,0,1,0,3.173368146,86.00849567,0.434459282,4.282706347,17.67878873
1388,STA-RO0112A,STA-RO0112A/S2B_MSIL2A_20200915T092029_N0214_R093_T35TMN_20200915T112537.npy,STA-RO0112A/l3_mean_europe_2018_2020_005dg.netcdf,RO,169,77.9,0,0,1,0,0,1,29.39167522,44.87333252,0.172270408,9.200332319,32.31591666
1390,STA.DE_DERP019,STA.DE_DERP019/S2A_MSIL2A_20200812T103031_N0214_R108_T32UMV_20200812T131334.npy,STA.DE_DERP019/l3_mean_europe_2018_2020_005dg.netcdf,DE,232,712.6,0,0,1,0,0,1,20.81482276,49.11500144,0.271439962,4.076653468,17.10221697
1391,STA-RO0184A,STA-RO0184A/S2B_MSIL2A_20200915T092029_N0214_R093_T34TGR_20200915T112537.npy,STA-RO0184A/l3_mean_europe_2018_2020_005dg.netcdf,RO,445,74.1,0,0,1,0,0,1,29.21339458,39.86153553,0.371913054,8.164762727,19.27090411
1392,STA-EE0009R,STA-EE0009R/S2A_MSIL2A_20200817T094041_N0214_R036_T35VMG_20200817T110529.npy,STA-EE0009R/l3_mean_europe_2018_2020_005dg.netcdf,EE,32,13.6,1,0,0,0,0,1,1.815937212,58.64716397,0.171455899,0.360332378,7.141095885
1394,STA.IT2094A,STA.IT2094A/S2B_MSIL2A_20200524T094029_N0214_R036_T33SWC_20200524T123152.npy,STA.IT2094A/l3_mean_europe_2018_2020_005dg.netcdf,IT,660,171.3,1,0,0,0,0,1,2.023974471,84.24079255,0.152987457,3.109549283,14.67201219
1396,STA-RO0086A,STA-RO0086A/S2B_MSIL2A_20200813T090559_N0214_R050_T35TNN_20200813T120227.npy,STA-RO0086A/l3_mean_europe_2018_2020_005dg.netcdf,RO,165,146.8,1,0,0,0,0,1,9.707084986,66.05262396,0.054632344,5.035962031,24.19175548
1411,STA-BETN060,STA-BETN060/S2A_MSIL2A_20200530T105031_N0214_R051_T31UES_20200530T134211.npy,STA-BETN060/l3_mean_europe_2018_2020_005dg.netcdf,BE,0,241.3,1,0,0,0,0,1,13.21019332,44.53211662,0.219799461,1.538280883,17.90448998
1432,STA-RO0119A,STA-RO0119A/S2B_MSIL2A_20200915T092029_N0214_R093_T35TLL_20200915T112537.npy,STA-RO0119A/l3_mean_europe_2018_2020_005dg.netcdf,RO,569,103.4,0,0,1,0,0,1,47.93840617,26.76571928,0.255971657,5.641557567,33.41233974
1439,STA-TR342141,STA-TR342141/S2B_MSIL2A_20200701T085559_N0214_R007_T35TPF_20200701T124301.npy,STA-TR342141/l3_mean_europe_2018_2020_005dg.netcdf,TR,11,2900.1,0,0,1,0,0,1,25.12778432,26.91176034,2.500359214,2.04277069,50.56698807
1445,STA-RO0195A,STA-RO0195A/S2B_MSIL2A_20200713T094029_N0214_R036_T34TER_20200713T123221.npy,STA-RO0195A/l3_mean_europe_2018_2020_005dg.netcdf,RO,119,81.3,0,1,0,0,0,1,14.24025977,57.09253634,0.127480907,8.401191527,21.49346278
1446,STA_PL0175A,STA_PL0175A/S2B_MSIL2A_20200815T095039_N0214_R079_T34UDE_20200815T120650.npy,STA_PL0175A/l3_mean_europe_2018_2020_005dg.netcdf,PL,120,60.8,0,0,1,0,0,1,14.75189202,50.92480291,0.33931631,3.598113695,26.72460664
1457,STA_ES1096A,STA_ES1096A/S2A_MSIL2A_20200519T112121_N0214_R037_T29TNG_20200519T141241.npy,STA_ES1096A/l3_mean_europe_2018_2020_005dg.netcdf,ES,132,42.9,0,0,1,1,0,0,25.58604218,32.7563986,0.167423693,3.552284143,23.57386606
1458,STA.IT1180A,STA.IT1180A/S2A_MSIL2A_20200823T100031_N0214_R122_T32TQN_20200823T125303.npy,STA.IT1180A/l3_mean_europe_2018_2020_005dg.netcdf,IT,290,106,0,0,1,0,0,1,24.72422065,49.71709534,0.545409813,3.872961954,24.92696629
1464,STA.DE_DEBB032,STA.DE_DEBB032/S2B_MSIL2A_20200811T100559_N0214_R022_T33UVT_20200811T133733.npy,STA.DE_DEBB032/l3_mean_europe_2018_2020_005dg.netcdf,DE,40,81,0,1,0,0,1,0,12.26417184,59.44084358,0.273175396,4.855766012,19.64053771
1491,STA_ES1664A,STA_ES1664A/S2A_MSIL2A_20200801T105631_N0214_R094_T30STF_20200801T115206.npy,STA_ES1664A/l3_mean_europe_2018_2020_005dg.netcdf,ES,24,170.9,0,0,1,0,1,0,26.14683698,56.15835062,0.607529114,6.040051528,19.8
1492,STA_ES1370A,STA_ES1370A/S2B_MSIL2A_20200806T105619_N0214_R094_T30SVF_20200806T135250.npy,STA_ES1370A/l3_mean_europe_2018_2020_005dg.netcdf,ES,50,72.9,0,0,1,0,0,1,10.65442021,65.8629717,0.331119873,3.709975441,29.15499343
1496,STA_ES1967A,STA_ES1967A/S2A_MSIL2A_20200824T110631_N0214_R137_T30TVL_20200824T154400.npy,STA_ES1967A/l3_mean_europe_2018_2020_005dg.netcdf,ES,952,22.3,0,0,1,1,0,0,10.67385507,64.52958784,0.5,2.439576866,13.49441823
1501,STA_ES1709A,STA_ES1709A/S2B_MSIL2A_20200215T105029_N0214_R051_T30SYJ_20200215T141800.npy,STA_ES1709A/l3_mean_europe_2018_2020_005dg.netcdf,ES,195,236,0,1,0,0,0,1,7.685251087,65.81869111,0.121867749,3.543263022,21.73427673
1519,STA_ES1271A,STA_ES1271A/S2A_MSIL2A_20200506T110621_N0214_R137_T29TQJ_20200506T154705.npy,STA_ES1271A/l3_mean_europe_2018_2020_005dg.netcdf,ES,9,97,0,0,1,1,0,0,25.10549879,48.56606607,0.426414118,6.544450834,30.50321011
1534,STA.DE_DEHB001,STA.DE_DEHB001/S2A_MSIL2A_20200328T104021_N0214_R008_T32UMD_20200328T142124.npy,STA.DE_DEHB001/l3_mean_europe_2018_2020_005dg.netcdf,DE,10,1834.4,0,0,1,0,0,1,22.86614958,50.87888593,0.29546135,1.84573211,17.77679144
1542,STA-RO0177A,STA-RO0177A/S2B_MSIL2A_20200823T090559_N0214_R050_T35TMK_20200823T110634.npy,STA-RO0177A/l3_mean_europe_2018_2020_005dg.netcdf,RO,150,154.2,0,1,0,0,0,1,20.67627064,41.34614152,0.132103312,9.026261209,25.78730375
1556,STA-MK0034A,STA-MK0034A/S2A_MSIL2A_20200513T092031_N0214_R093_T34TFM_20200513T121338.npy,STA-MK0034A/l3_mean_europe_2018_2020_005dg.netcdf,MK,349,49.6,0,0,1,1,0,0,15.74943555,52.80691967,0.565293995,3.058100643,40.10510697
1559,STA.IT2139A,STA.IT2139A/S2A_MSIL2A_20200906T094041_N0214_R036_T34TBL_20200906T120655.npy,STA.IT2139A/l3_mean_europe_2018_2020_005dg.netcdf,IT,20,212.4,0,1,0,0,1,0,18.16488338,62.12547481,0.29894261,4.854557113,19.10808664
1561,STA_ES0118A,STA_ES0118A/S2A_MSIL2A_20200910T105631_N0214_R094_T30TVK_20200910T135152.npy,STA_ES0118A/l3_mean_europe_2018_2020_005dg.netcdf,ES,672,827.3,0,0,1,1,0,0,54.79507163,47.32562098,0.375146098,4.893587681,20.60865052
1577,STA_ES1971A,STA_ES1971A/S2A_MSIL2A_20200702T105621_N0214_R094_T30SUH_20200702T135414.npy,STA_ES1971A/l3_mean_europe_2018_2020_005dg.netcdf,ES,571,57.6,0,1,0,0,1,0,4.837379487,82.94653419,0.464206402,10.14376957,15.68571429
1580,STA_PL0213A,STA_PL0213A/S2B_MSIL2A_20200423T100549_N0214_R022_T33UWT_20200423T144611.npy,STA_PL0213A/l3_mean_europe_2018_2020_005dg.netcdf,PL,150,79.9,0,0,1,0,0,1,15.16094779,59.83524798,0.320783368,7.65165588,25.55550893
1588,STA-RO0074A,STA-RO0074A/S2B_MSIL2A_20200829T093039_N0214_R136_T34TFS_20200829T115846.npy,STA-RO0074A/l3_mean_europe_2018_2020_005dg.netcdf,RO,333,106.4,0,0,1,0,0,1,33.19935503,43.04430812,0.191973733,6.106572745,19.31596685
1590,STA_ES1684A,STA_ES1684A/S2A_MSIL2A_20200706T104031_N0214_R008_T31TDG_20200706T133310.npy,STA_ES1684A/l3_mean_europe_2018_2020_005dg.netcdf,ES,171,718.7,0,0,1,0,0,1,22.90225653,47.1146636,0.26374424,1.558955481,19.57291186
1592,STA-RO0203A,STA-RO0203A/S2B_MSIL2A_20200428T092029_N0214_R093_T34TGQ_20200428T122503.npy,STA-RO0203A/l3_mean_europe_2018_2020_005dg.netcdf,RO,300,61.9,0,0,1,0,0,1,20.5647203,41.13009358,0.262981426,7.456390092,27.28052197
1616,STA_PL0052A,STA_PL0052A/S2A_MSIL2A_20200601T095041_N0214_R079_T34UCF_20200601T112207.npy,STA_PL0052A/l3_mean_europe_2018_2020_005dg.netcdf,PL,40,1857,0,0,1,0,0,1,17.85697709,48.12507429,0.390401528,2.745626099,22.43181786
1620,STA_PL0096A,STA_PL0096A/S2A_MSIL2A_20200601T095041_N0214_R079_T34UCC_20200601T112207.npy,STA_PL0096A/l3_mean_europe_2018_2020_005dg.netcdf,PL,235,2345.6,0,0,1,0,0,1,18.61101998,57.33384774,0.403091245,3.976806347,30.20016161
1630,STA-TR341641,STA-TR341641/S2A_MSIL2A_20200822T084601_N0214_R107_T35TPF_20200822T113326.npy,STA-TR341641/l3_mean_europe_2018_2020_005dg.netcdf,TR,99,2900.1,0,0,1,0,0,1,49.19622713,33.47592033,0.541369498,3.098512782,33.37014399
1631,STA.IT2218A,STA.IT2218A/S2B_MSIL2A_20200101T100319_N0213_R122_T33TVF_20200101T114527.npy,STA.IT2218A/l3_mean_europe_2018_2020_005dg.netcdf,IT,39,350.1,0,1,0,1,0,0,22.76419304,46.48563319,0.401909212,4.235069834,27.18019802
1632,STA.DE_DERP021,STA.DE_DERP021/S2B_MSIL2A_20200807T102559_N0214_R108_T32ULA_20200807T132026.npy,STA.DE_DERP021/l3_mean_europe_2018_2020_005dg.netcdf,DE,65,293.7,0,0,1,0,0,1,22.72887392,48.60444404,0.262585536,3.012247554,20.04314186
1664,STA-TR341431,STA-TR341431/S2A_MSIL2A_20200822T084601_N0214_R107_T35TPF_20200822T113326.npy,STA-TR341431/l3_mean_europe_2018_2020_005dg.netcdf,TR,41,2900.1,0,0,1,1,0,0,77.02530684,11.27620152,0.66463721,4.116390768,51.18723645
1674,STA-MK0041A,STA-MK0041A/S2A_MSIL2A_20200913T093041_N0214_R136_T34TDM_20200913T122841.npy,STA-MK0041A/l3_mean_europe_2018_2020_005dg.netcdf,MK,84,133.2,0,0,1,1,0,0,27.93558976,44.09493548,0.625670715,2.796191521,50.05327218
1678,STA_ES1687A,STA_ES1687A/S2B_MSIL2A_20201111T105259_N0214_R051_T31TBE_20201111T134038.npy,STA_ES1687A/l3_mean_europe_2018_2020_005dg.netcdf,ES,50,86.2,0,1,0,0,1,0,15.80754151,52.76163593,0.114533072,3.730960361,10.43767918
1707,STA.DE_DEHB013,STA.DE_DEHB013/S2A_MSIL2A_20200328T104021_N0214_R008_T32UMD_20200328T142124.npy,STA.DE_DEHB013/l3_mean_europe_2018_2020_005dg.netcdf,DE,4,1834.4,1,0,0,0,1,0,16.10814193,50.21943917,0.281875469,2.511862581,20.74760578
1711,STA-RO0167A,STA-RO0167A/S2A_MSIL2A_20200702T092031_N0214_R093_T34TGS_20200702T114806.npy,STA-RO0167A/l3_mean_europe_2018_2020_005dg.netcdf,RO,328,80.4,0,0,1,0,0,1,27.56055305,43.17397923,0.314924119,5.110464682,18.46225681
1713,STA_ES1917A,STA_ES1917A/S2B_MSIL2A_20200707T105619_N0214_R094_T30TXK_20200707T135135.npy,STA_ES1917A/l3_mean_europe_2018_2020_005dg.netcdf,ES,728,236,1,0,0,0,0,1,3.103792415,57.40547476,0.110483175,3.441534489,9.212121212
1716,STA.DE_DEHE001,STA.DE_DEHE001/S2B_MSIL2A_20200807T102559_N0214_R108_T32UMA_20200807T132026.npy,STA.DE_DEHE001/l3_mean_europe_2018_2020_005dg.netcdf,DE,158,1301.1,0,0,1,0,0,1,21.17060519,50.8007494,0.294823057,2.476215891,16.86217282
1722,STA_ES1643A,STA_ES1643A/S2A_MSIL2A_20200910T105631_N0214_R094_T30TWM_20200910T135152.npy,STA_ES1643A/l3_mean_europe_2018_2020_005dg.netcdf,ES,1090,8.7,0,0,1,1,0,0,18.5896122,57.63784911,0.369938419,2.277411901,12.23122256
1725,STA.IT1459A,STA.IT1459A/S2B_MSIL2A_20190221T102039_N0211_R065_T32TMR_20190221T162447.npy,STA.IT1459A/l3_mean_europe_2018_2020_005dg.netcdf,IT,206,820.9,0,1,0,0,0,1,32.50684696,49.02919586,0.797069932,3.190257306,24.13623311
1727,STA.DE_DEUB004,STA.DE_DEUB004/S2B_MSIL2A_20200807T102559_N0214_R108_T32UMU_20200807T132026.npy,STA.DE_DEUB004/l3_mean_europe_2018_2020_005dg.netcdf,DE,1205,192.2,1,0,0,0,0,1,2.190144485,91.98910693,0.152941283,0.623615358,10.45311166
1730,STA.IT1377A,STA.IT1377A/S2B_MSIL2A_20200725T101559_N0214_R065_T32TMK_20200725T135708.npy,STA.IT1377A/l3_mean_europe_2018_2020_005dg.netcdf,IT,3,54.3,0,0,1,0,0,1,23.68931603,44.58637362,0.260069362,0.475936262,21.7698998
1755,STA.IT1740A,STA.IT1740A/S2A_MSIL2A_20200830T095031_N0214_R079_T33TWF_20200830T115423.npy,STA.IT1740A/l3_mean_europe_2018_2020_005dg.netcdf,IT,187,55.9,1,0,0,0,1,0,12.28753348,63.10778625,0.442700801,2.761114752,16.99623595
1761,STA_ES1973A,STA_ES1973A/S2B_MSIL2A_20200707T105619_N0214_R094_T30SVG_20200707T135135.npy,STA_ES1973A/l3_mean_europe_2018_2020_005dg.netcdf,ES,684,72.9,0,1,0,0,0,1,19.45245456,59.60327395,0.147464211,6.639788817,38.39999999
1764,STA-RO0189A,STA-RO0189A/S2B_MSIL2A_20200915T092029_N0214_R093_T35TMN_20200915T112537.npy,STA-RO0189A/l3_mean_europe_2018_2020_005dg.netcdf,RO,350,73.5,0,0,1,0,1,0,18.52994385,47.45886585,0.405560736,8.712402751,31.05246498
1765,STA-HU0033A,STA-HU0033A/S2B_MSIL2A_20200407T095029_N0214_R079_T33TYN_20200407T123458.npy,STA-HU0033A/l3_mean_europe_2018_2020_005dg.netcdf,HU,215,97.2,0,0,1,0,1,0,21.26707472,37.06104759,0.643304972,4.584142256,31.07756233
1766,STA_ES1779A,STA_ES1779A/S2A_MSIL2A_20200910T105631_N0214_R094_T30TWM_20200910T135152.npy,STA_ES1779A/l3_mean_europe_2018_2020_005dg.netcdf,ES,336,62.3,1,0,0,0,1,0,7.574025522,55.86639816,0.327796318,2.474165708,15.5954031
1772,STA_PL0184A,STA_PL0184A/S2A_MSIL2A_20200701T095031_N0214_R079_T34UCB_20200701T123557.npy,STA_PL0184A/l3_mean_europe_2018_2020_005dg.netcdf,PL,265,168.3,0,0,1,0,0,1,18.98616353,49.59848515,0.392254041,8.327321343,32.64047753
1781,STA-HU0039A,STA-HU0039A/S2A_MSIL2A_20200919T095031_N0214_R079_T34UCU_20200919T115531.npy,STA-HU0039A/l3_mean_europe_2018_2020_005dg.netcdf,HU,122,134.6,0,0,1,0,0,1,11.76178351,45.82595622,0.367116298,3.530237378,21.99441341
1782,STA_PL0682A,STA_PL0682A/S2B_MSIL2A_20200815T095039_N0214_R079_T34UDE_20200815T120650.npy,STA_PL0682A/l3_mean_europe_2018_2020_005dg.netcdf,PL,117,72.8,0,0,1,0,0,1,15.06130923,54.94598331,0.361558709,4.760007174,31.90021691
1788,STA_PL0495A,STA_PL0495A/S2B_MSIL2A_20200908T093039_N0214_R136_T34UEA_20200908T122405.npy,STA_PL0495A/l3_mean_europe_2018_2020_005dg.netcdf,PL,203,177.7,0,0,1,0,0,1,18.08003338,51.89442067,0.364891212,4.845154645,31.21451419
1794,STA.04.S406,STA.04.S406/S2A_MSIL2A_20200408T101021_N0214_R022_T33UVP_20200408T161405.npy,STA.04.S406/l3_mean_europe_2018_2020_005dg.netcdf,AT,316,346.7,0,1,0,0,0,1,23.14637641,48.16736222,0.261508353,3.084541062,19.78296703
1804,STA.DE_DERP023,STA.DE_DERP023/S2A_MSIL2A_20200812T103031_N0214_R108_T32UMV_20200812T131334.npy,STA.DE_DERP023/l3_mean_europe_2018_2020_005dg.netcdf,DE,97,792.4,0,0,1,1,0,0,27.20192168,47.70050852,0.312275796,6.281108744,22.21776231
1824,STA-BG0050A,STA-BG0050A/S2A_MSIL2A_20200831T092031_N0214_R093_T34TFN_20200831T122905.npy,STA-BG0050A/l3_mean_europe_2018_2020_005dg.netcdf,BG,581,1015.9,0,0,1,0,0,1,33.66089545,33.99565297,0.523702658,7.430210715,38.94112328
1825,STA-MK0044A,STA-MK0044A/S2B_MSIL2A_20200218T092029_N0214_R093_T34TEL_20200218T121747.npy,STA-MK0044A/l3_mean_europe_2018_2020_005dg.netcdf,MK,269,37.6,0,0,1,0,1,0,28.54973597,62.34381231,0.631415401,1.274418302,55.38958789
1828,STA.IT0867A,STA.IT0867A/S2A_MSIL2A_20201221T100431_N0214_R122_T33TUG_20201221T115632.npy,STA.IT0867A/l3_mean_europe_2018_2020_005dg.netcdf,IT,397,57,0,0,1,1,0,0,21.1901341,44.90088004,0.377136554,2.241322312,19.22777778
1829,STA_ES1806A,STA_ES1806A/S2A_MSIL2A_20200910T105631_N0214_R094_T30TVK_20200910T135152.npy,STA_ES1806A/l3_mean_europe_2018_2020_005dg.netcdf,ES,795,827.3,1,0,0,0,0,1,5.058464022,79.28363425,0.251166589,1.26606565,13.92412049
1830,STA_ES1472A,STA_ES1472A/S2B_MSIL2A_20200806T105619_N0214_R094_T30TXN_20200806T131026.npy,STA_ES1472A/l3_mean_europe_2018_2020_005dg.netcdf,ES,449,62.5,0,0,1,0,0,1,21.1865635,44.37432032,0.197368097,2.487472366,13.8451952
1832,STA.DE_DEMV022,STA.DE_DEMV022/S2B_MSIL2A_20200327T101629_N0214_R065_T32UPF_20200327T134849.npy,STA.DE_DEMV022/l3_mean_europe_2018_2020_005dg.netcdf,DE,9,1159.2,0,0,1,1,0,0,27.80638089,40.67046137,0.295113793,1.470434698,21.17270873
1835,STA_ES1691A,STA_ES1691A/S2A_MSIL2A_20200927T105031_N0214_R051_T30TYK_20200927T135009.npy,STA_ES1691A/l3_mean_europe_2018_2020_005dg.netcdf,ES,616,86.2,0,1,0,0,0,1,5.769065007,63.94912892,0.109640854,3.01285615,9.564277998
1850,STA.IT2059A,STA.IT2059A/S2B_MSIL2A_20200725T101559_N0214_R065_T32TMK_20200725T135708.npy,STA.IT2059A/l3_mean_europe_2018_2020_005dg.netcdf,IT,25,77.5,0,0,1,0,0,1,5.579555692,40.77795011,0.220745764,0.72015332,16.76079545
1858,STA.03.2701,STA.03.2701/S2A_MSIL2A_20200422T095031_N0214_R079_T33UXP_20200422T142128.npy,STA.03.2701/l3_mean_europe_2018_2020_005dg.netcdf,AT,155,236.3,0,1,0,0,0,1,18.78496953,58.7091306,0.236935583,6.534736308,22.07547613
1860,STA_ES1268A,STA_ES1268A/S2B_MSIL2A_20200623T112119_N0214_R037_T29TQJ_20200623T143258.npy,STA_ES1268A/l3_mean_europe_2018_2020_005dg.netcdf,ES,267,97,0,0,1,1,0,0,26.75347023,55.15583218,0.625239789,7.125573658,19.52896359
1862,STA-RO0116A,STA-RO0116A/S2A_MSIL2A_20200828T090601_N0214_R050_T35TNL_20200828T114933.npy,STA-RO0116A/l3_mean_europe_2018_2020_005dg.netcdf,RO,22,63.5,0,0,1,0,1,0,16.09385836,49.35826087,0.085602395,5.041833194,20.35298387
1864,STA_ES1535A,STA_ES1535A/S2A_MSIL2A_20200719T105031_N0214_R051_T30SWJ_20200719T134605.npy,STA_ES1535A/l3_mean_europe_2018_2020_005dg.netcdf,ES,686,26.2,0,1,0,0,0,1,13.53476,62.34438713,0.267947482,2.889430894,24.63157253
1873,STA_ES1418A,STA_ES1418A/S2B_MSIL2A_20200717T105619_N0214_R094_T30TXM_20200717T135336.npy,STA_ES1418A/l3_mean_europe_2018_2020_005dg.netcdf,ES,235,56.3,0,1,0,1,0,0,16.9329092,51.06245598,0.378040929,2.060278385,16.82729805
1874,STA_ES1746A,STA_ES1746A/S2A_MSIL2A_20200910T105631_N0214_R094_T30TWM_20200910T135152.npy,STA_ES1746A/l3_mean_europe_2018_2020_005dg.netcdf,ES,570,62.3,1,0,0,0,1,0,5.079569394,68.43959591,0.277960176,2.866739935,14.51918591
1888,STA_ES1810A,STA_ES1810A/S2B_MSIL2A_20200620T110619_N0214_R137_T30TUK_20200620T131935.npy,STA_ES1810A/l3_mean_europe_2018_2020_005dg.netcdf,ES,469,827.3,1,0,0,0,0,1,10.35693524,59.24223675,0.499431423,1.666279879,18.5702257
1894,STA-TR590341,STA-TR590341/S2A_MSIL2A_20200716T085601_N0214_R007_T35TNF_20200716T120405.npy,STA-TR590341/l3_mean_europe_2018_2020_005dg.netcdf,TR,199,160.2,0,0,1,0,0,1,21.58211171,38.1180011,0.533854347,12.55549756,40.48592097
1897,STA_ES1090A,STA_ES1090A/S2B_MSIL2A_20200717T105619_N0214_R094_T30TXM_20200717T135336.npy,STA_ES1090A/l3_mean_europe_2018_2020_005dg.netcdf,ES,196,56.3,0,1,0,0,1,0,20.54122119,48.20265245,0.189361197,4.452732986,20.00034059
1898,STA_ES1633A,STA_ES1633A/S2A_MSIL2A_20200719T105031_N0214_R051_T30SXH_20200719T134605.npy,STA_ES1633A/l3_mean_europe_2018_2020_005dg.netcdf,ES,40,131.1,0,1,0,1,0,0,36.80902613,51.19603127,0.334843333,3.870327994,29.99680192
1909,STA_ES1835A,STA_ES1835A/S2A_MSIL2A_20200719T105031_N0214_R051_T30SWF_20200719T134605.npy,STA_ES1835A/l3_mean_europe_2018_2020_005dg.netcdf,ES,51,80.3,1,0,0,0,1,0,5.279347297,81.80429247,0.307418708,3.927580894,16.18166667
1928,STA_PL0543A,STA_PL0543A/S2B_MSIL2A_20200328T095029_N0214_R079_T33UYT_20200328T122832.npy,STA_PL0543A/l3_mean_europe_2018_2020_005dg.netcdf,PL,206,2345.6,0,0,1,0,0,1,24.33136781,50.82997588,0.490944732,5.336447199,35.77012206
1935,STA.IT1940A,STA.IT1940A/S2B_MSIL2A_20200703T094039_N0214_R036_T33SXC_20200703T123507.npy,STA.IT1940A/l3_mean_europe_2018_2020_005dg.netcdf,IT,11,171.3,0,0,1,0,0,1,8.813636808,72.60858602,0.534610639,3.519179597,22.30609686
1939,STA_ES1781A,STA_ES1781A/S2A_MSIL2A_20200824T110631_N0214_R137_T30STF_20200824T154400.npy,STA_ES1781A/l3_mean_europe_2018_2020_005dg.netcdf,ES,62,170.9,0,0,1,0,0,1,14.08300862,66.89515366,0.359850236,4.198985011,22.85932974
1944,STA_ES0126A,STA_ES0126A/S2A_MSIL2A_20200910T105631_N0214_R094_T30TVK_20200910T135152.npy,STA_ES0126A/l3_mean_europe_2018_2020_005dg.netcdf,ES,625,827.3,0,0,1,0,0,1,33.73592165,51.34593651,0.6,25,17.91565637
1951,STA.IT2110A,STA.IT2110A/S2A_MSIL2A_20201215T094411_N0214_R036_T33SXD_20201215T122157.npy,STA.IT2110A/l3_mean_europe_2018_2020_005dg.netcdf,IT,758,105.9,0,0,1,0,0,1,19.72788488,44.30847908,0.465696352,1.774219746,21.66893678
1952,STA-BETR001,STA-BETR001/S2A_MSIL2A_20200530T105031_N0214_R051_T31UES_20200530T134211.npy,STA-BETR001/l3_mean_europe_2018_2020_005dg.netcdf,BE,20,7471.5,0,0,1,0,0,1,35.12344666,39.52064463,0.288733224,4.019016446,22.08339202
1956,STA_PL0239A,STA_PL0239A/S2A_MSIL2A_20200919T095031_N0214_R079_T33UYR_20200919T115531.npy,STA_PL0239A/l3_mean_europe_2018_2020_005dg.netcdf,PL,245,471.2,0,0,1,0,0,1,22.19111123,47.55497889,0.50254808,11.27541932,50.51007831
1968,STA-RO0065A,STA-RO0065A/S2B_MSIL2A_20200823T090559_N0214_R050_T35TMK_20200823T110634.npy,STA-RO0065A/l3_mean_europe_2018_2020_005dg.netcdf,RO,30,7917.1,0,0,1,0,0,1,27.73148403,47.65056397,0.625578249,5.763792911,28.56097633
1972,STA.IT2009A,STA.IT2009A/S2A_MSIL2A_20200816T101031_N0214_R022_T32TML_20200816T130108.npy,STA.IT2009A/l3_mean_europe_2018_2020_005dg.netcdf,IT,275,77.5,0,0,1,0,0,1,11.34029211,68.00387358,0.228342559,0.522262247,25.15415472
1985,STA_ES1661A,STA_ES1661A/S2B_MSIL2A_20200717T105619_N0214_R094_T30TXM_20200717T135336.npy,STA_ES1661A/l3_mean_europe_2018_2020_005dg.netcdf,ES,383,62.5,1,0,0,0,1,0,9.194151195,67.47348768,0.342265588,4.977746043,12.20907419
1989,STA-RO0126A,STA-RO0126A/S2A_MSIL2A_20200825T085601_N0214_R007_T35TNK_20200825T115135.npy,STA-RO0126A/l3_mean_europe_2018_2020_005dg.netcdf,RO,12,58.4,0,0,1,0,0,1,18.19248791,58.58126373,0.534342105,14.48645808,25.06772152
1990,STA-PT04002,STA-PT04002/S2B_MSIL2A_20200822T112119_N0214_R037_T29SNC_20200823T151025.npy,STA-PT04002/l3_mean_europe_2018_2020_005dg.netcdf,PT,53,18.1,1,0,0,0,0,1,2.581126048,78.58479263,0.14877029,4.681968823,22
1992,STA.DE_DERP007,STA.DE_DERP007/S2B_MSIL2A_20200807T102559_N0214_R108_T32UMA_20200807T132026.npy,STA.DE_DERP007/l3_mean_europe_2018_2020_005dg.netcdf,DE,115,2274.9,0,0,1,0,0,1,23.81691842,51.55488629,0.249650608,2.994824393,19.14758201
1994,STA.IT2093A,STA.IT2093A/S2B_MSIL2A_20200524T094029_N0214_R036_T33SWC_20200524T123152.npy,STA.IT2093A/l3_mean_europe_2018_2020_005dg.netcdf,IT,467,140,0,0,1,0,0,1,6.688435909,77.50271158,0.885005943,3.503302063,19.14080691
2002,STA_ES1577A,STA_ES1577A/S2B_MSIL2A_20200819T110629_N0214_R137_T30TVP_20200819T132326.npy,STA_ES1577A/l3_mean_europe_2018_2020_005dg.netcdf,ES,10,110.4,0,0,1,0,1,0,14.18196319,52.70022086,0.376077661,0.349155768,22.69666351
2007,STA-TR340141,STA-TR340141/S2A_MSIL2A_20200822T084601_N0214_R107_T35TPF_20200822T113326.npy,STA-TR340141/l3_mean_europe_2018_2020_005dg.netcdf,TR,142,2900.1,0,0,1,0,0,1,31.74006579,56.76435321,0.489802374,3.653838654,54.10557969
2011,STA-RO0114A,STA-RO0114A/S2A_MSIL2A_20200828T090601_N0214_R050_T35TNL_20200828T114933.npy,STA-RO0114A/l3_mean_europe_2018_2020_005dg.netcdf,RO,16,63.5,0,0,1,0,0,1,18.42292228,75.98208363,0.090232951,6.273353669,17.51833333
2021,STA-RO0155A,STA-RO0155A/S2A_MSIL2A_20200831T092031_N0214_R093_T34TFR_20200831T122905.npy,STA-RO0155A/l3_mean_europe_2018_2020_005dg.netcdf,RO,187,54.8,0,0,1,0,1,0,16.47049656,32.81675105,0.15027491,13.67172893,32.01805157
2027,STA-RO0151A,STA-RO0151A/S2B_MSIL2A_20200905T092029_N0214_R093_T34TFQ_20200905T113748.npy,STA-RO0151A/l3_mean_europe_2018_2020_005dg.netcdf,RO,167,57.3,0,0,1,0,1,0,14.84832929,38.04348126,0.33842067,9.952920571,34.38022535
2028,STA.IT1890A,STA.IT1890A/S2A_MSIL2A_20200522T095041_N0214_R079_T33SVB_20200522T122957.npy,STA.IT1890A/l3_mean_europe_2018_2020_005dg.netcdf,IT,925,64.7,0,0,1,0,0,1,3.189126715,90.728014,0.101766615,0.650060828,14.74281613
2039,STA_ES1997A,STA_ES1997A/S2B_MSIL2A_20200112T111329_N0213_R137_T29TQE_20200112T122412.npy,STA_ES1997A/l3_mean_europe_2018_2020_005dg.netcdf,ES,181,20.1,0,1,0,0,0,1,9.496507778,69.94386068,0.21146142,0.490438908,14.55472637
2048,STA_ES1358A,STA_ES1358A/S2B_MSIL2A_20200623T112119_N0214_R037_T29TQJ_20200623T143258.npy,STA_ES1358A/l3_mean_europe_2018_2020_005dg.netcdf,ES,5,97,0,0,1,1,0,0,19.03163465,49.94409295,0.357452559,6.811649366,24.65327954
2102,STA.IT1889A,STA.IT1889A/S2A_MSIL2A_20200810T095041_N0214_R079_T33SUC_20200810T114918.npy,STA.IT1889A/l3_mean_europe_2018_2020_005dg.netcdf,IT,101,252.1,0,0,1,0,0,1,5.640236096,71.89824493,0.215484859,0.57674573,18.2880545
2113,STA_PL0507A,STA_PL0507A/S2B_MSIL2A_20200822T094039_N0214_R036_T34UFB_20200822T115325.npy,STA_PL0507A/l3_mean_europe_2018_2020_005dg.netcdf,PL,191,169.6,0,0,1,0,0,1,21.64514938,48.84703947,0.356407981,4.79010886,33.63086071
2119,STA_ES1986A,STA_ES1986A/S2B_MSIL2A_20200727T105619_N0214_R094_T30TVM_20200727T144035.npy,STA_ES1986A/l3_mean_europe_2018_2020_005dg.netcdf,ES,801,24.9,0,0,1,1,0,0,9.357926336,59.6004172,0.460912343,3.347100782,16.81639457
2121,STA-RO0201A,STA-RO0201A/S2B_MSIL2A_20200721T085559_N0214_R007_T35TPL_20200721T133300.npy,STA-RO0201A/l3_mean_europe_2018_2020_005dg.netcdf,RO,30,27.6,0,0,1,0,1,0,16.60110856,54.75472583,0.102255425,6.254534224,27.63136646
2124,STA-CH0002R,STA-CH0002R/S2A_MSIL2A_20190219T103051_N0211_R108_T31TGM_20190219T133225.npy,STA-CH0002R/l3_mean_europe_2018_2020_005dg.netcdf,CH,489,282.4,1,0,0,0,0,1,12.20227772,57.28688074,0.196281089,0.348379823,13.1183326
2128,STA_ES1749A,STA_ES1749A/S2B_MSIL2A_20200727T105619_N0214_R094_T30TWN_20200727T144035.npy,STA_ES1749A/l3_mean_europe_2018_2020_005dg.netcdf,ES,530,62.5,0,1,0,0,0,1,12.66479794,57.99467645,0.379323221,4.185020999,15.15107746
2131,STA-RO0120A,STA-RO0120A/S2B_MSIL2A_20200915T092029_N0214_R093_T35TLL_20200915T112537.npy,STA-RO0120A/l3_mean_europe_2018_2020_005dg.netcdf,RO,566,103.4,0,0,1,1,0,0,47.77133993,25.74672075,0.186917895,7.799776449,32.78468391
2143,STA-RO0077A,STA-RO0077A/S2B_MSIL2A_20200829T093039_N0214_R136_T34TGT_20200829T115846.npy,STA-RO0077A/l3_mean_europe_2018_2020_005dg.netcdf,RO,279,106.4,0,0,1,0,0,1,26.84647129,46.8438187,0.308355675,5.417279713,25.57578347
2151,STA-TR740141,STA-TR740141/S2A_MSIL2A_20200829T083611_N0214_R064_T36TVM_20200829T112650.npy,STA-TR740141/l3_mean_europe_2018_2020_005dg.netcdf,TR,13,94.3,0,0,1,0,0,1,29.37868782,17.55867067,0.698448408,12.30420375,44.61040776
2155,STA-HU0042A,STA-HU0042A/S2A_MSIL2A_20200711T095031_N0214_R079_T34TCT_20200711T112238.npy,STA-HU0042A/l3_mean_europe_2018_2020_005dg.netcdf,HU,122,3433.4,0,0,1,0,0,1,26.43518449,37.41294857,0.499817959,3.566752303,22.19498607
2161,STA_PL0552A,STA_PL0552A/S2B_MSIL2A_20200914T095029_N0214_R079_T34UCA_20200914T121343.npy,STA_PL0552A/l3_mean_europe_2018_2020_005dg.netcdf,PL,340,274.5,0,0,1,0,0,1,15.49828283,59.09426352,0.330020596,10.02077615,32.35367816
2165,STA_ES1182A,STA_ES1182A/S2B_MSIL2A_20200215T105029_N0214_R051_T30SYJ_20200215T141800.npy,STA_ES1182A/l3_mean_europe_2018_2020_005dg.netcdf,ES,22,236,0,0,1,1,0,0,14.33046911,58.22257458,0.151562319,3.641043724,14.47305389
2167,STA.IT2011A,STA.IT2011A/S2A_MSIL2A_20200905T101031_N0214_R022_T32TNK_20200905T130252.npy,STA.IT2011A/l3_mean_europe_2018_2020_005dg.netcdf,IT,736,125.3,1,0,0,0,0,1,0.781354261,80.97692607,0.137244357,0.49374727,12.79142857
2185,HR_DOC_TYPE_D_STA_RH0104,HR_DOC_TYPE_D_STA_RH0104/S2A_MSIL2A_20191015T095031_N0213_R079_T33TYL_20191015T112822.npy,HR_DOC_TYPE_D_STA_RH0104/l3_mean_europe_2018_2020_005dg.netcdf,HR,0,68.7,0,0,1,1,0,0,24.77854278,46.88731819,0.329181192,4.071667537,35.40914498
2187,STA_ES1968A,STA_ES1968A/S2A_MSIL2A_20200719T105031_N0214_R051_T30SYH_20200719T134605.npy,STA_ES1968A/l3_mean_europe_2018_2020_005dg.netcdf,ES,20,321.5,0,1,0,0,1,0,14.08737297,64.74567414,0.135628847,3.853559401,9.90865831
2192,STA_PL0031A,STA_PL0031A/S2A_MSIL2A_20200405T100021_N0214_R122_T34UCC_20200405T115512.npy,STA_PL0031A/l3_mean_europe_2018_2020_005dg.netcdf,PL,103,103.7,0,0,1,0,0,1,13.95400366,57.62959648,0.241639119,4.340858396,28.59480778
2195,STA_ES1926A,STA_ES1926A/S2B_MSIL2A_20200215T105029_N0214_R051_T30SYJ_20200215T141800.npy,STA_ES1926A/l3_mean_europe_2018_2020_005dg.netcdf,ES,11,236,0,1,0,1,0,0,21.31515079,54.35049161,0.149360756,3.514517456,18.28045685
2200,STA_ES1924A,STA_ES1924A/S2B_MSIL2A_20200707T105619_N0214_R094_T30SVG_20200707T135135.npy,STA_ES1924A/l3_mean_europe_2018_2020_005dg.netcdf,ES,666,72.9,0,0,1,0,0,1,33.65638711,37,0.230658023,4.639891697,29.08983051
2213,STA-MK0035A,STA-MK0035A/S2A_MSIL2A_20200913T093041_N0214_R136_T34TDM_20200913T122841.npy,STA-MK0035A/l3_mean_europe_2018_2020_005dg.netcdf,MK,620,65.9,0,0,1,0,1,0,17.67273225,40.71471922,0.54763934,0.818716001,44.72111483
2215,STA_ES1279A,STA_ES1279A/S2A_MSIL2A_20200804T110631_N0214_R137_T30SVH_20200804T122403.npy,STA_ES1279A/l3_mean_europe_2018_2020_005dg.netcdf,ES,685,25.2,0,1,0,0,1,0,11.81263084,58.55114166,0.089189941,8.981639266,25.1385895
2229,STA_ES1983A,STA_ES1983A/S2B_MSIL2A_20200820T103629_N0214_R008_T31TDF_20200820T133254.npy,STA_ES1983A/l3_mean_europe_2018_2020_005dg.netcdf,ES,7,718.7,0,1,0,0,0,1,33.92884683,43.69926221,0.265926366,2.855798636,23.42195122
2256,STA-CH0005A,STA-CH0005A/S2A_MSIL2A_20200531T102031_N0214_R065_T32TMT_20200531T134031.npy,STA-CH0005A/l3_mean_europe_2018_2020_005dg.netcdf,CH,432,914.5,0,1,0,0,0,1,23.32656099,51.54581516,0.248047778,0.860808863,14.8459863
2260,STA-CY0004A,STA-CY0004A/S2A_MSIL2A_20200826T082611_N0214_R021_T36SWD_20200826T114808.npy,STA-CY0004A/l3_mean_europe_2018_2020_005dg.netcdf,CY,175,94.4,0,0,1,1,0,0,28.27746005,55.49971827,0.460371834,1.963690441,44.74931506
2262,STA_ES1957A,STA_ES1957A/S2A_MSIL2A_20200519T112121_N0214_R037_T29TNJ_20200519T141241.npy,STA_ES1957A/l3_mean_europe_2018_2020_005dg.netcdf,ES,25,142.1,0,1,0,0,0,1,14.07144349,57.69993038,0.174928921,2.205083565,32.11137135
2264,STA-RO0162A,STA-RO0162A/S2B_MSIL2A_20200710T093039_N0214_R136_T34TFT_20200710T120649.npy,STA-RO0162A/l3_mean_europe_2018_2020_005dg.netcdf,RO,223,73.5,0,0,1,0,0,1,23.44897559,44.61669227,0.265545645,4.625426788,21.76552715
2268,STA.CZ_ALIB,STA.CZ_ALIB/S2A_MSIL2A_20200813T100031_N0214_R122_T33UVR_20200813T113828.npy,STA.CZ_ALIB/l3_mean_europe_2018_2020_005dg.netcdf,CZ,301,2683.7,0,1,0,0,0,1,18.59928092,59.63935813,0.343626689,4.621790675,22.61833985
2272,STA_ES0880A,STA_ES0880A/S2B_MSIL2A_20200623T112119_N0214_R037_T29TQJ_20200623T143258.npy,STA_ES0880A/l3_mean_europe_2018_2020_005dg.netcdf,ES,6,97,0,0,1,1,0,0,21.59468673,42.97156398,0.357749069,8.490193789,22.11380624
2277,STA-GR0046A,STA-GR0046A/S2A_MSIL2A_20200702T092031_N0214_R093_T34TFL_20200702T114806.npy,STA-GR0046A/l3_mean_europe_2018_2020_005dg.netcdf,GR,14,310.9,0,0,1,0,1,0,20.17851392,63.16956144,0.1,2.374592834,34.44053819
2295,STA.IT1888A,STA.IT1888A/S2A_MSIL2A_20200810T095041_N0214_R079_T33SUC_20200810T114918.npy,STA.IT1888A/l3_mean_europe_2018_2020_005dg.netcdf,IT,187,252.1,0,0,1,0,0,1,23.74033082,54.70513762,0.343655584,0.489477883,21.93132334
2309,STA_ES1047A,STA_ES1047A/S2B_MSIL2A_20200717T105619_N0214_R094_T30TXM_20200717T135336.npy,STA_ES1047A/l3_mean_europe_2018_2020_005dg.netcdf,ES,212,56.3,0,0,1,1,0,0,29.59155737,53.9336612,0.199153025,2.827407272,13.97541244
2311,STA_ES1740A,STA_ES1740A/S2B_MSIL2A_20200806T105619_N0214_R094_T30TXN_20200806T131026.npy,STA_ES1740A/l3_mean_europe_2018_2020_005dg.netcdf,ES,455,62.5,0,0,1,1,0,0,23.59484174,37.60024024,0.423547437,3.799391742,15.25331581
2318,STA-GR0020A,STA-GR0020A/S2A_MSIL2A_20200702T092031_N0214_R093_T34TFL_20200702T114806.npy,STA-GR0020A/l3_mean_europe_2018_2020_005dg.netcdf,GR,30,310.9,0,0,1,0,1,0,27.32655576,48.33204051,0.564993647,21.68034056,38.25651061
2326,STA_ES1819A,STA_ES1819A/S2A_MSIL2A_20200615T110631_N0214_R137_T30STJ_20200615T135453.npy,STA_ES1819A/l3_mean_europe_2018_2020_005dg.netcdf,ES,214,31.5,0,0,1,0,0,1,9.10874175,56.59028321,0.204952359,2.038988093,14.62493075
2331,STA_ES1867A,STA_ES1867A/S2A_MSIL2A_20200519T112121_N0214_R037_T29TNJ_20200519T141241.npy,STA_ES1867A/l3_mean_europe_2018_2020_005dg.netcdf,ES,5,142.1,0,0,1,1,0,0,13.1479335,56.594233,0.155887786,2.835543387,20.41883011
2337,STA_ES1884A,STA_ES1884A/S2A_MSIL2A_20201226T105451_N0214_R051_T30SYJ_20201226T134024.npy,STA_ES1884A/l3_mean_europe_2018_2020_005dg.netcdf,ES,3,236,0,1,0,0,1,0,7.066823899,56.98626609,0.124415281,3.015963784,7.862242395
2339,STA.DE_DERP001,STA.DE_DERP001/S2A_MSIL2A_20200812T103031_N0214_R108_T32UMV_20200812T131334.npy,STA.DE_DERP001/l3_mean_europe_2018_2020_005dg.netcdf,DE,91,2263.7,0,0,1,0,0,1,23.93130443,50.53644385,0.284803075,4.17555313,21.57397848
2343,STA-MK0040A,STA-MK0040A/S2A_MSIL2A_20201122T093321_N0214_R136_T34TEM_20201122T122223.npy,STA-MK0040A/l3_mean_europe_2018_2020_005dg.netcdf,MK,191,37.6,0,0,1,1,0,0,20.88922405,33.68451798,0.598069127,3.494189143,53.64312679
2356,STA_ES1537A,STA_ES1537A/S2A_MSIL2A_20200910T105631_N0214_R094_T30TVK_20200910T135152.npy,STA_ES1537A/l3_mean_europe_2018_2020_005dg.netcdf,ES,700,21.2,0,0,1,0,0,1,20.13026193,55.03963943,0.315361918,3.427080806,29.46990795
2361,STA_ES1802A,STA_ES1802A/S2A_MSIL2A_20200824T110631_N0214_R137_T30TVL_20200824T154400.npy,STA_ES1802A/l3_mean_europe_2018_2020_005dg.netcdf,ES,995,827.3,1,0,0,0,0,1,4.355914356,81.00555427,0.356228008,1.432236149,11.66269424
2364,STA-RO0140A,STA-RO0140A/S2B_MSIL2A_20200823T090559_N0214_R050_T35TLK_20200823T110634.npy,STA-RO0140A/l3_mean_europe_2018_2020_005dg.netcdf,RO,464,122.8,0,0,1,0,1,0,11.8102747,64.10698347,0.248222749,11.04791569,26.09717391
2368,STA-RO0082A,STA-RO0082A/S2B_MSIL2A_20200428T092029_N0214_R093_T34TGQ_20200428T122503.npy,STA-RO0082A/l3_mean_europe_2018_2020_005dg.netcdf,RO,128,86.4,0,1,0,0,0,1,12.88707414,49.62934897,0.175396514,11.86665805,22.73205882
2371,STA_ES1856A,STA_ES1856A/S2B_MSIL2A_20200820T103629_N0214_R008_T31TDF_20200820T133254.npy,STA_ES1856A/l3_mean_europe_2018_2020_005dg.netcdf,ES,136,718.7,0,0,1,0,0,1,28.98451431,53.1581578,0.283388058,1.448451774,19.33534482
2394,STA.IT0888A,STA.IT0888A/S2A_MSIL2A_20201221T100431_N0214_R122_T33TUG_20201221T115632.npy,STA.IT0888A/l3_mean_europe_2018_2020_005dg.netcdf,IT,219,823.7,0,1,0,0,1,0,32.08495116,40.21827481,0.38088076,2.777925529,24.99719101
2408,STA_ES1792A,STA_ES1792A/S2B_MSIL2A_20200221T110959_N0214_R137_T29SPB_20200221T132103.npy,STA_ES1792A/l3_mean_europe_2018_2020_005dg.netcdf,ES,31,52.5,0,1,0,0,1,0,14,68.8550213,0.708663088,4.641391941,23.73562864
2411,STA.IT1848A,STA.IT1848A/S2B_MSIL2A_20200913T101629_N0214_R065_T32TPR_20200913T131152.npy,STA.IT1848A/l3_mean_europe_2018_2020_005dg.netcdf,IT,824,318,1,0,0,0,0,1,10.64278593,80.42391304,0.261086397,5.897540984,15.84302326
2422,STA_ES1393A,STA_ES1393A/S2A_MSIL2A_20200719T105031_N0214_R051_T30SWF_20200719T134605.npy,STA_ES1393A/l3_mean_europe_2018_2020_005dg.netcdf,ES,51,80.3,0,0,1,1,0,0,24.50756222,60.97374985,0.304314626,4.110051789,27.69491525
2438,STA_ES1903A,STA_ES1903A/S2B_MSIL2A_20200820T103629_N0214_R008_T31TDF_20200820T133254.npy,STA_ES1903A/l3_mean_europe_2018_2020_005dg.netcdf,ES,14,718.7,0,1,0,0,0,1,21.46825029,59.18936416,0.238134703,2.144294138,19.36484848
2445,STA-BG0013A,STA-BG0013A/S2B_MSIL2A_20200731T085559_N0214_R007_T35TNH_20200731T120922.npy,STA-BG0013A/l3_mean_europe_2018_2020_005dg.netcdf,BG,20,124.9,0,0,1,0,0,1,18.11009815,51.10197706,0.284669341,5.94583313,25.18087542
2459,STA-CY0002R,STA-CY0002R/S2A_MSIL2A_20200816T082611_N0214_R021_T36SVD_20200816T111839.npy,STA-CY0002R/l3_mean_europe_2018_2020_005dg.netcdf,CY,532,94.4,1,0,0,0,0,1,1.836974066,90.34680025,0.140018291,0.994665181,22.17041096
2476,STA-HU0023A,STA-HU0023A/S2B_MSIL2A_20200918T093039_N0214_R136_T34TET_20200918T120935.npy,STA-HU0023A/l3_mean_europe_2018_2020_005dg.netcdf,HU,111,86.8,0,0,1,0,0,1,21.42757738,50.69171032,0.454429839,3.277433114,24.39835165
2482,STA_ES1685A,STA_ES1685A/S2B_MSIL2A_20200106T105339_N0213_R051_T31TBE_20200106T121433.npy,STA_ES1685A/l3_mean_europe_2018_2020_005dg.netcdf,ES,160,86.2,0,0,1,0,1,0,16.47502721,55.88937228,0.126699279,6.153933721,25.21572234
2505,STA_ES1620A,STA_ES1620A/S2A_MSIL2A_20200824T110631_N0214_R137_T30STF_20200824T154400.npy,STA_ES1620A/l3_mean_europe_2018_2020_005dg.netcdf,ES,49,170.9,0,1,0,0,1,0,8.799073194,61.39777352,0.719287427,5.082554701,25.63085728
2515,STA_PL0591A,STA_PL0591A/S2B_MSIL2A_20200420T100019_N0214_R122_T33UWT_20200420T130740.npy,STA_PL0591A/l3_mean_europe_2018_2020_005dg.netcdf,PL,160,79.9,0,0,1,0,0,1,15.47654176,57.41372337,0.35130732,6.970124247,30.2642332
2522,STA.IT2056A,STA.IT2056A/S2B_MSIL2A_20200801T100559_N0214_R022_T32SNJ_20200801T135302.npy,STA.IT2056A/l3_mean_europe_2018_2020_005dg.netcdf,IT,33,125.3,0,0,1,1,0,0,28.40971884,41.7767066,0.312916316,0.782079352,30.13646723
2529,STA_ES1432A,STA_ES1432A/S2B_MSIL2A_20200703T112119_N0214_R037_T29TPH_20200703T140926.npy,STA_ES1432A/l3_mean_europe_2018_2020_005dg.netcdf,ES,363,97,0,1,0,0,0,1,6.861585945,47.30620247,0.249438763,8.471601711,16.49887104
2533,STA-HU0034A,STA-HU0034A/S2B_MSIL2A_20200407T095029_N0214_R079_T33TYN_20200407T123458.npy,STA-HU0034A/l3_mean_europe_2018_2020_005dg.netcdf,HU,274,81.6,0,1,0,0,0,1,20.88605643,60.64656272,0.425493178,6.97732285,24.92634561
2534,STA-RO0094A,STA-RO0094A/S2B_MSIL2A_20200829T093039_N0214_R136_T34TFS_20200829T115846.npy,STA-RO0094A/l3_mean_europe_2018_2020_005dg.netcdf,RO,450,52.5,0,0,1,0,1,0,16.94964197,51.06884892,0.183502338,4.864910147,19.82581921
2541,STA.IT2203A,STA.IT2203A/S2A_MSIL2A_20200830T095031_N0214_R079_T33TWE_20200830T115423.npy,STA.IT2203A/l3_mean_europe_2018_2020_005dg.netcdf,IT,820,55.9,1,0,0,0,1,0,3.848196446,84.31830199,0.217140349,5.100044988,18.29187151
2553,STA-RO0157A,STA-RO0157A/S2A_MSIL2A_20200831T092031_N0214_R093_T34TFR_20200831T122905.npy,STA-RO0157A/l3_mean_europe_2018_2020_005dg.netcdf,RO,230,54.8,0,0,1,0,1,0,12.13317936,37.87804305,0.176924374,6.458663773,20.87378151
2554,STA_ES1272A,STA_ES1272A/S2B_MSIL2A_20200623T112119_N0214_R037_T29TQJ_20200623T143258.npy,STA_ES1272A/l3_mean_europe_2018_2020_005dg.netcdf,ES,19,97,0,0,1,1,0,0,29.07818644,42.98193548,0.292365068,4.329162322,20.31811501
2557,STA.IT0863A,STA.IT0863A/S2A_MSIL2A_20200823T100031_N0214_R122_T32TQN_20200823T125303.npy,STA.IT0863A/l3_mean_europe_2018_2020_005dg.netcdf,IT,338,91.3,0,0,1,1,0,0,22.97907145,57.1687113,0.408242351,2.154411762,17.71270718
2561,STA-BG0073A,STA-BG0073A/S2A_MSIL2A_20200831T092031_N0214_R093_T34TFN_20200831T122905.npy,STA-BG0073A/l3_mean_europe_2018_2020_005dg.netcdf,BG,615,1015.9,0,0,1,1,0,0,33.04225479,43.40959616,0.674615769,6.678457626,40.82183183
2569,STA_ES1572A,STA_ES1572A/S2B_MSIL2A_20200623T112119_N0214_R037_T29TQJ_20200623T143258.npy,STA_ES1572A/l3_mean_europe_2018_2020_005dg.netcdf,ES,276,97,0,0,1,0,0,1,13.39470643,55.70172776,0.519497511,6.568487737,15.33262962
2572,STA_ES1834A,STA_ES1834A/S2A_MSIL2A_20201216T105441_N0214_R051_T31TBE_20201216T133709.npy,STA_ES1834A/l3_mean_europe_2018_2020_005dg.netcdf,ES,18,86.2,0,0,1,1,0,0,22.35155875,58.20157537,0.139997569,5.781454406,14.83529412
2587,STA_ES1038A,STA_ES1038A/S2B_MSIL2A_20200819T110629_N0214_R137_T30TVP_20200819T132326.npy,STA_ES1038A/l3_mean_europe_2018_2020_005dg.netcdf,ES,20,110.4,0,0,1,0,0,1,13.5811823,48.9909595,0.323645462,1.419784711,19.95757694
2596,STA_ES1860A,STA_ES1860A/S2B_MSIL2A_20201227T111359_N0214_R137_T30STG_20201227T131730.npy,STA_ES1860A/l3_mean_europe_2018_2020_005dg.netcdf,ES,1,140.3,1,0,0,0,1,0,8.351393374,55.74486907,0.31422913,5.440897098,17.50477306
2603,STA_PL0559A,STA_PL0559A/S2A_MSIL2A_20200601T095041_N0214_R079_T34UCE_20200601T112207.npy,STA_PL0559A/l3_mean_europe_2018_2020_005dg.netcdf,PL,17,105.9,0,0,1,0,0,1,17.10432915,46.28972705,0.564738322,5.214401014,28.97918872
2609,STA_PL0064A,STA_PL0064A/S2B_MSIL2A_20200815T095039_N0214_R079_T33UXV_20200815T120650.npy,STA_PL0064A/l3_mean_europe_2018_2020_005dg.netcdf,PL,49,270.9,0,0,1,0,0,1,24.55728022,40.38655156,0.446734822,3.94337225,35.81953858
2612,STA-LT00022,STA-LT00022/S2A_MSIL2A_20200807T094041_N0214_R036_T34VFH_20200807T110442.npy,STA-LT00022/l3_mean_europe_2018_2020_005dg.netcdf,LT,122,31.7,0,0,1,1,0,0,24.44769306,45.16749024,0.350751841,3.64310429,31.34515125
2614,STA.DE_DEST011,STA.DE_DEST011/S2A_MSIL2A_20200421T102021_N0214_R065_T32UPC_20200421T120142.npy,STA.DE_DEST011/l3_mean_europe_2018_2020_005dg.netcdf,DE,235,102.7,0,0,1,0,0,1,14.60196822,59.56557484,0.258990215,4.96164601,16.9769235
2616,STA-MK0037A,STA-MK0037A/S2B_MSIL2A_20200218T092029_N0214_R093_T34TEL_20200218T121747.npy,STA-MK0037A/l3_mean_europe_2018_2020_005dg.netcdf,MK,586,48.4,0,0,1,0,1,0,9.973647851,51.833864,0.369172513,3.621921736,46.40254297
2623,STA.IT1898A,STA.IT1898A/S2B_MSIL2A_20200726T095029_N0214_R079_T33STC_20200726T123818.npy,STA.IT1898A/l3_mean_europe_2018_2020_005dg.netcdf,IT,40,176.3,0,0,1,0,0,1,26.05814708,71.51805599,0.20630274,1.461978588,19.05074853
2639,STA-EE0020A,STA-EE0020A/S2B_MSIL2A_20200623T094039_N0214_R036_T35VLF_20200623T123518.npy,STA-EE0020A/l3_mean_europe_2018_2020_005dg.netcdf,EE,5,137.2,0,0,1,1,0,0,19.33175043,48.52329637,0.227780217,0.595319049,19.28795518
2657,STA-BG0056A,STA-BG0056A/S2B_MSIL2A_20200731T085559_N0214_R007_T35TNH_20200731T120922.npy,STA-BG0056A/l3_mean_europe_2018_2020_005dg.netcdf,BG,51,53.8,0,0,1,0,0,1,15.49294175,49.0100115,0.363757632,10.25009844,17.78830083
2669,STA_ES2085A,STA_ES2085A/S2A_MSIL2A_20200519T112121_N0214_R037_T29TNG_20200519T141241.npy,STA_ES2085A/l3_mean_europe_2018_2020_005dg.netcdf,ES,620,42.9,0,1,0,1,0,0,11.07615079,61.21465987,0.101749332,2.781687528,16.27103505
2674,STA_ES1799A,STA_ES1799A/S2A_MSIL2A_20201202T111431_N0214_R137_T30SUG_20201202T140104.npy,STA_ES1799A/l3_mean_europe_2018_2020_005dg.netcdf,ES,119,57.6,0,0,1,0,0,1,17.90662722,52.38802268,0.417211996,3.986425888,24.42115385
2695,STA_ES1602A,STA_ES1602A/S2B_MSIL2A_20200727T105619_N0214_R094_T30TWN_20200727T144035.npy,STA_ES1602A/l3_mean_europe_2018_2020_005dg.netcdf,ES,385,62.3,0,0,1,0,0,1,23.15163043,50.18287847,0.33361467,3.170148041,21.30425279
2698,STA-MK0045A,STA-MK0045A/S2A_MSIL2A_20201122T093321_N0214_R136_T34TEM_20201122T122223.npy,STA-MK0045A/l3_mean_europe_2018_2020_005dg.netcdf,MK,268,347.4,0,1,0,0,1,0,11.96888675,38.4981326,0.397824506,2.514330376,51.03055902
2713,STA-RO0144A,STA-RO0144A/S2A_MSIL2A_20200828T090601_N0214_R050_T35TNL_20200828T114933.npy,STA-RO0144A/l3_mean_europe_2018_2020_005dg.netcdf,RO,86,115.8,0,0,1,0,1,0,17.72225865,49.15019366,0.082706009,5.122079048,13.18707006
2719,STA.IT2213A,STA.IT2213A/S2A_MSIL2A_20201019T095041_N0214_R079_T33TVF_20201019T115444.npy,STA.IT2213A/l3_mean_europe_2018_2020_005dg.netcdf,IT,191,222.3,0,1,0,0,0,1,25.47900613,39.42558396,0.695263418,3.694074072,29.69883382
2727,STA-BG0041A,STA-BG0041A/S2A_MSIL2A_20200131T091231_N0213_R050_T35TLG_20200131T104603.npy,STA-BG0041A/l3_mean_europe_2018_2020_005dg.netcdf,BG,103,42,0,0,1,0,0,1,15.0230847,51.12469459,0.572353614,25.06102955,32.09532567
2740,STA_ES1912A,STA_ES1912A/S2B_MSIL2A_20200215T105029_N0214_R051_T30SYJ_20200215T141800.npy,STA_ES1912A/l3_mean_europe_2018_2020_005dg.netcdf,ES,7,236,0,0,1,1,0,0,26.52244031,51.63251301,0.147557776,3.620705504,18.18217547
2744,STA.DE_DERP022,STA.DE_DERP022/S2B_MSIL2A_20200807T102559_N0214_R108_T32UMA_20200807T132026.npy,STA.DE_DERP022/l3_mean_europe_2018_2020_005dg.netcdf,DE,108,182.7,0,0,1,0,0,1,24.24305598,47.15727531,0.267801084,2.878373163,16.26306818
2770,STA.IT1397A,STA.IT1397A/S2A_MSIL2A_20200707T101031_N0214_R022_T32SMJ_20200707T135316.npy,STA.IT1397A/l3_mean_europe_2018_2020_005dg.netcdf,IT,9,125.3,0,1,0,0,1,0,10.88306744,59.70526912,0.309732126,10.66416991,28.52227077
2776,STA.IT0908A,STA.IT0908A/S2A_MSIL2A_20201117T102321_N0214_R065_T32TPS_20201117T130408.npy,STA.IT0908A/l3_mean_europe_2018_2020_005dg.netcdf,IT,1225,57.4,0,0,1,0,0,1,13.76216984,63.77070259,0.704195881,3.750260747,12.89283744
2784,STA-RO0096A,STA-RO0096A/S2B_MSIL2A_20200812T094039_N0214_R036_T34TES_20200812T120400.npy,STA-RO0096A/l3_mean_europe_2018_2020_005dg.netcdf,RO,107,54.4,0,0,1,0,0,1,17.68122726,51.41477839,0.164212776,6.74905581,22.56971311
2801,STA_ES1868A,STA_ES1868A/S2A_MSIL2A_20200718T112121_N0214_R037_T29TNH_20200718T123331.npy,STA_ES1868A/l3_mean_europe_2018_2020_005dg.netcdf,ES,220,142.1,0,1,0,0,0,1,10.14247212,59.01923924,0.171185065,1.864220289,18.51417697
2806,STA_ES2063A,STA_ES2063A/S2A_MSIL2A_20200519T112121_N0214_R037_T29TNG_20200519T141241.npy,STA_ES2063A/l3_mean_europe_2018_2020_005dg.netcdf,ES,30,210.8,0,0,1,1,0,0,28.68497251,46.18012349,0.143575285,3.372396323,19.24169865
2811,STA.CZ_PPLA,STA.CZ_PPLA/S2B_MSIL2A_20200920T100649_N0214_R022_T33UUR_20200920T132321.npy,STA.CZ_PPLA/l3_mean_europe_2018_2020_005dg.netcdf,CZ,340,77.4,0,0,1,1,0,0,20.26596142,49.95588936,0.335387757,6.249904534,24.49346722
2816,STA_PL0575A,STA_PL0575A/S2A_MSIL2A_20200408T101021_N0214_R022_T33UVU_20200408T161405.npy,STA_PL0575A/l3_mean_europe_2018_2020_005dg.netcdf,PL,86,63.4,0,0,1,0,0,1,9.276826497,52.13916951,0.44578888,4.40739258,29.432017
2831,STA_ES1886A,STA_ES1886A/S2B_MSIL2A_20200215T105029_N0214_R051_T30SXJ_20200215T141800.npy,STA_ES1886A/l3_mean_europe_2018_2020_005dg.netcdf,ES,400,236,0,1,0,0,1,0,15.81893573,69.30269376,0.125763359,3.519920783,16.07211151
2835,STA_ES1905A,STA_ES1905A/S2B_MSIL2A_20200703T112119_N0214_R037_T29TPH_20200703T140926.npy,STA_ES1905A/l3_mean_europe_2018_2020_005dg.netcdf,ES,450,33.7,0,0,1,1,0,0,11.0786851,46.77098302,0.112916138,1.005701241,13.86568476
2841,STA_ES1424A,STA_ES1424A/S2B_MSIL2A_20200623T112119_N0214_R037_T29TQJ_20200623T143258.npy,STA_ES1424A/l3_mean_europe_2018_2020_005dg.netcdf,ES,12,97,0,0,1,1,0,0,20.95869765,37.92766789,0.613139708,4.530825857,25.9219403
2859,STA.IT1243A,STA.IT1243A/S2A_MSIL2A_20200816T101031_N0214_R022_T32TML_20200816T130108.npy,STA.IT1243A/l3_mean_europe_2018_2020_005dg.netcdf,IT,192,77.5,0,1,0,1,0,0,30.05430127,45.37781809,0.340490993,1.344792445,18.47944444
2862,STA-RO0135A,STA-RO0135A/S2A_MSIL2A_20200805T085601_N0214_R007_T35TPJ_20200805T120730.npy,STA-RO0135A/l3_mean_europe_2018_2020_005dg.netcdf,RO,20,100.2,0,0,1,0,1,0,21.49699826,50.15156744,0.078260324,7.027355312,24.20442508
2873,STA-BETR222,STA-BETR222/S2B_MSIL2A_20200326T104639_N0214_R051_T31UFS_20200326T141923.npy,STA-BETR222/l3_mean_europe_2018_2020_005dg.netcdf,BE,65,797,0,1,0,0,0,1,24.74705258,49.68995477,0.234392574,0.652667692,21.21403964
2874,STA.IT1193A,STA.IT1193A/S2A_MSIL2A_20200830T095031_N0214_R079_T33TWF_20200830T115423.npy,STA.IT1193A/l3_mean_europe_2018_2020_005dg.netcdf,IT,561,55.9,0,1,0,0,1,0,9.931813915,74.29689422,0.304861074,3.226887872,15.90377709
2880,STA_ES2019A,STA_ES2019A/S2B_MSIL2A_20200215T105029_N0214_R051_T30SYJ_20200215T141800.npy,STA_ES2019A/l3_mean_europe_2018_2020_005dg.netcdf,ES,510,236,0,1,0,0,0,1,12.20873583,55.42305121,0.124380403,3.366170294,20.09516559
2886,STA_ES1529A,STA_ES1529A/S2B_MSIL2A_20200819T110629_N0214_R137_T30TVP_20200819T132326.npy,STA_ES1529A/l3_mean_europe_2018_2020_005dg.netcdf,ES,30,110.4,0,0,1,0,0,1,13.76453007,55.67713069,0.241244118,0.230462421,19.93238391
2899,STA-BG0075A,STA-BG0075A/S2B_MSIL2A_20200731T085559_N0214_R007_T35TNH_20200731T120922.npy,STA-BG0075A/l3_mean_europe_2018_2020_005dg.netcdf,BG,83,124.9,0,0,1,0,0,1,34.51844587,55.40362456,0.288992747,12.50925796,26.45274011
2911,STA-BG0055A,STA-BG0055A/S2A_MSIL2A_20200131T091231_N0213_R050_T35TLG_20200131T104603.npy,STA-BG0055A/l3_mean_europe_2018_2020_005dg.netcdf,BG,208,62.3,0,0,1,1,0,0,15.90517146,47.07422854,0.648834455,14.1991279,22.23910404
2920,STA_PL0236A,STA_PL0236A/S2A_MSIL2A_20200919T095031_N0214_R079_T33UYR_20200919T115531.npy,STA_PL0236A/l3_mean_europe_2018_2020_005dg.netcdf,PL,353,286.3,0,0,1,0,0,1,13.68942838,61.94013553,0.427243814,7.778993394,33.6447038
2926,STA-RO0123A,STA-RO0123A/S2B_MSIL2A_20200922T090659_N0214_R050_T35TML_20200922T110348.npy,STA-RO0123A/l3_mean_europe_2018_2020_005dg.netcdf,RO,98,68.9,0,0,1,0,0,1,26.89033768,48.41531371,0.295362986,6.342122786,16.19275862
2930,STA_ES1576A,STA_ES1576A/S2B_MSIL2A_20200819T110629_N0214_R137_T30TVP_20200819T132326.npy,STA_ES1576A/l3_mean_europe_2018_2020_005dg.netcdf,ES,16,110.4,0,1,0,0,1,0,15.91814574,48.62479145,0.458356888,0.462244054,24.40708968
2949,STA-BETN043,STA-BETN043/S2A_MSIL2A_20200530T105031_N0214_R051_T31UES_20200530T134211.npy,STA-BETN043/l3_mean_europe_2018_2020_005dg.netcdf,BE,17,7471.5,0,1,0,0,1,0,36.89551543,36.55679791,0.440442511,4.413419328,27.15310353
2981,STA_ES1820A,STA_ES1820A/S2A_MSIL2A_20200715T110621_N0214_R137_T30STH_20200715T140105.npy,STA_ES1820A/l3_mean_europe_2018_2020_005dg.netcdf,ES,551,31.5,0,1,0,0,0,1,5.321589698,76.44733159,0.244721893,1.26574262,13.21953353
2982,STA-BG0044A,STA-BG0044A/S2A_MSIL2A_20200828T090601_N0214_R050_T35TNH_20200828T114933.npy,STA-BG0044A/l3_mean_europe_2018_2020_005dg.netcdf,BG,6,53.8,0,0,1,0,1,0,12.93856482,50.83944478,0.36960664,9.26601399,41.89599337
2986,STA_PL0190A,STA_PL0190A/S2B_MSIL2A_20200821T100559_N0214_R022_T33UWS_20200821T130423.npy,STA_PL0190A/l3_mean_europe_2018_2020_005dg.netcdf,PL,122,129,0,0,1,0,0,1,21.31776437,50.02789761,0.455226822,5.205545287,34.63482191
2997,STA.IT2089A,STA.IT2089A/S2A_MSIL2A_20201215T094411_N0214_R036_T33SXD_20201215T122157.npy,STA.IT2089A/l3_mean_europe_2018_2020_005dg.netcdf,IT,370,149.1,0,0,1,0,0,1,10.74749805,81.85590587,0.488153846,2.908029776,16.8745
3004,STA-HU0026A,STA-HU0026A/S2B_MSIL2A_20200921T094039_N0214_R036_T34UDU_20200921T120812.npy,STA-HU0026A/l3_mean_europe_2018_2020_005dg.netcdf,HU,155,89.8,0,0,1,0,0,1,14.01705507,49.34219346,0.577551688,4.412341987,26.61388889
3008,STA-RO0069A,STA-RO0069A/S2B_MSIL2A_20200823T090559_N0214_R050_T35TMK_20200823T110634.npy,STA-RO0069A/l3_mean_europe_2018_2020_005dg.netcdf,RO,30,7917.1,0,0,1,0,1,0,35.5026564,35.40532823,0.718488183,6.445454649,31.9141486
3009,STA_ES1851A,STA_ES1851A/S2B_MSIL2A_20200721T103629_N0214_R008_T31TCG_20200721T151425.npy,STA_ES1851A/l3_mean_europe_2018_2020_005dg.netcdf,ES,661,718.7,0,1,0,0,0,1,12.8854482,55.07783298,0.27518294,3.087377388,18.77
3027,STA.IT2087A,STA.IT2087A/S2A_MSIL2A_20201215T094411_N0214_R036_T33SXD_20201215T122157.npy,STA.IT2087A/l3_mean_europe_2018_2020_005dg.netcdf,IT,140,149.1,0,1,0,0,0,1,12.02018374,68.97884153,0.7576865,5.386063761,22.22052341
3040,STA-RO0208A,STA-RO0208A/S2B_MSIL2A_20200316T090659_N0214_R050_T35TMJ_20200316T123434.npy,STA-RO0208A/l3_mean_europe_2018_2020_005dg.netcdf,RO,12,77.6,0,0,1,0,0,1,32.07373647,48.77872692,0.670968457,7.859702011,25.50978947
3044,STA.DE_DESL017,STA.DE_DESL017/S2B_MSIL2A_20200422T103619_N0214_R008_T32ULV_20200422T140230.npy,STA.DE_DESL017/l3_mean_europe_2018_2020_005dg.netcdf,DE,189,802.7,0,0,1,0,0,1,17.93505251,44.25951598,0.345516883,2.834149056,16.03052637
3048,STA_ES1623A,STA_ES1623A/S2A_MSIL2A_20200719T105031_N0214_R051_T30SYH_20200719T134605.npy,STA_ES1623A/l3_mean_europe_2018_2020_005dg.netcdf,ES,534,321.5,0,0,1,0,0,1,11.21027479,71.27512654,0.109819413,3.921403677,13.5755814
3060,STA_ES1849A,STA_ES1849A/S2A_MSIL2A_20200719T105031_N0214_R051_T30SXH_20200719T134605.npy,STA_ES1849A/l3_mean_europe_2018_2020_005dg.netcdf,ES,99,321.5,0,0,1,1,0,0,17.00693383,66.80629656,0.155714624,3.437565951,19.37903226
3065,STA-HU0025A,STA-HU0025A/S2A_MSIL2A_20201118T095311_N0214_R079_T33TXN_20201118T115530.npy,STA-HU0025A/l3_mean_europe_2018_2020_005dg.netcdf,HU,101,111.9,0,0,1,0,0,1,24.21195458,46.47675005,0.498790475,2.283744405,27.2320442
3077,STA-LU0102A,STA-LU0102A/S2A_MSIL2A_20200407T104021_N0214_R008_T31UGQ_20200407T113125.npy,STA-LU0102A/l3_mean_europe_2018_2020_005dg.netcdf,LU,287,235.1,0,0,1,0,0,1,26.00221935,47.94220949,0.25238531,1.35761442,22.79092421
3079,STA_ES1568A,STA_ES1568A/S2A_MSIL2A_20200910T105631_N0214_R094_T30TVK_20200910T135152.npy,STA_ES1568A/l3_mean_europe_2018_2020_005dg.netcdf,ES,650,827.3,0,1,0,0,0,1,26.70350249,54.67088461,0.552347987,1.342378753,17.19535472
3096,STA-CH0010A,STA-CH0010A/S2A_MSIL2A_20200531T102031_N0214_R065_T32TMT_20200531T134031.npy,STA-CH0010A/l3_mean_europe_2018_2020_005dg.netcdf,CH,409,914.5,0,0,1,0,0,1,25.37591091,55.19270454,0.272145085,0.951305703,15.84936383
3100,STA_ES1689A,STA_ES1689A/S2B_MSIL2A_20200106T105339_N0213_R051_T31TBE_20200106T121433.npy,STA_ES1689A/l3_mean_europe_2018_2020_005dg.netcdf,ES,466,86.2,1,0,0,0,0,1,5.619136089,55.59463415,0.109482447,3.544656268,10.83333333
